,30 SEP '25,30 JUN '25,31 MAR '25,31 DEC '24,30 SEP '24,30 JUN '24,31 MAR '24,31 DEC '23,30 SEP '23,30 JUN '23,31 MAR '23,31 DEC '22,30 SEP '22,30 JUN '22,31 MAR '22,31 DEC '21,30 SEP '21,30 JUN '21,31 MAR '21,31 DEC '20,30 SEP '20,30 JUN '20,31 MAR '20,31 DEC '19,30 SEP '19,30 JUN '19,31 MAR '19,31 DEC '18,30 SEP '18,30 JUN '18,31 MAR '18,31 DEC '17,30 SEP '17,30 JUN '17,31 MAR '17,31 DEC '16,30 SEP '16,30 JUN '16,31 MAR '16,31 DEC '15,30 SEP '15,30 JUN '15,31 MAR '15,31 DEC '14,30 SEP '14,30 JUN '14,31 MAR '14,31 DEC '13,30 SEP '13,30 JUN '13,31 MAR '13,31 DEC '12,30 SEP '12,30 JUN '12,31 MAR '12,31 DEC '11,30 SEP '11,30 JUN '11,31 MAR '11,31 DEC '10,30 SEP '10,30 JUN '10,31 MAR '10,31 DEC '09,30 SEP '09,30 JUN '09,31 MAR '09,30 NOV '08,30 SEP '08,31 AUG '08,30 JUN '08,31 MAY '08,31 MAR '08,29 FEB '08,30 NOV '07,31 AUG '07,31 MAY '07,28 FEB '07,30 NOV '06,31 AUG '06,31 MAY '06,28 FEB '06,30 NOV '05
,,,,,RECAP,RECAP,RECAP,RECAP,RECAP,RECAP,RECAP,RECAP,RECAP,RECAP,RECAP,RECAP,RECAP,RECAP,RECAP,RECAP,RECAP,RECAP,RECAP,RECAP,RECAP,RECAP,RECAP,RECAP,RECAP,RECAP,RECAP,RECAP,RECAP,RECAP,RECAP,RECAP,RECAP,RECAP,RECAP,RECAP,RECAP,RECAP,RECAP,RECAP,RECAP,RECAP,RECAP,RECAP,RECAP,RECAP,RECAP,RECAP,RECAP,RECAP,RECAP,RECAP,RECAP,RECAP,RECAP,RECAP,RECAP,RECAP,RECAP,RECAP,RECAP,RECAP,RECAP,,RECAP,,RECAP,,RECAP,,RECAP,RECAP,RECAP,RECAP,RECAP,RECAP,RECAP,RECAP,RECAP
Net cash provided by / used for operating activities,-15.479,-12.147,-23.976,1.362,-10.438,6.885,4.360,-33.536,-15.784,-19.531,-9.865,-6.397,7.599,15.152,239,33.971,33.622,31.494,26.879,-25.231,159,7.026,23.836,40.773,40.909,27.572,17.041,7.305,14.484,-81,12.648,-4.505,-8.549,-14.159,90,5.383,7.865,16.308,4.177,-4.463,-7.963,-8.453,-13.055,1.086,7.691,5.827,4.781,35.009,16.820,18.402,4.495,24.759,22.766,17.466,8.000,15.382,10.890,-5.174,-1.322,40.614,19.252,29.393,21.101,-45.951,-50.188,-41.469,-32.521,73.417,62.990,5.252,35.221,-10.668,-83,-19.091,-22.249,-2.799,-14.705,-30.121,-61.245,-44.549,-41.909,-20.990,-31.352
Net income / loss,12.601,7.946,4.371,13.529,9.805,6.579,3.462,9.230,7.689,5.254,3.033,11.179,8.913,6.251,3.715,15.120,11.404,7.680,4.168,11.179,7.767,5.016,1.780,9.237,6.932,4.714,2.468,8.883,7.325,5.171,2.704,6.216,5.553,3.762,1.971,6.123,4.443,2.803,1.157,6.279,5.343,4.294,2.463,3.667,5.253,3.501,1.584,3.613,3.440,2.422,1.231,716,-72,884,134,4.645,4.829,2.536,1.130,5.702,4.636,3.995,2.011,1.406,636,-157,-190,1.707,10.762,4.002,2.591,2.577,1.432,1.551,3.209,6.797,5.254,2.672,7.472,5.266,3.415,1.574,4.939
Adjustments to reconcile net income / loss to net cash provided by / used for operating activities,-28.080,-20.093,-28.347,-12.167,-20.243,306,898,-42.766,-23.473,-24.785,-12.898,-17.576,-1.314,8.901,-3.476,18.851,22.218,23.814,22.711,-36.410,-7.608,2.010,22.056,31.536,33.977,22.858,14.573,-1.578,7.159,-5.252,9.944,-10.721,-14.102,-17.921,-1.881,-740,3.422,13.505,3.020,-10.742,-13.306,-12.747,-15.518,-2.581,2.438,2.326,3.197,31.396,13.380,15.980,3.264,24.043,22.838,16.582,7.866,10.737,6.061,-7.710,-2.452,34.912,14.616,25.398,19.090,-47.357,-50.824,-41.312,-32.331,71.710,52.228,1.250,32.630,-13.245,-1.515,-20.642,-25.458,-9.596,-19.959,-32.793,-68.717,-49.815,-45.324,-22.564,-36.291
Deferred income taxes,,,,152,,,,-463,,,,-849,,,,4,,,,-250,,,,165,,,,449,,,,2.747,,,0,1.579,,,,1.189,,,,-231,,,,-117,,,,-639,,,,413,,,,-129,,,,-932,,,,-1.224,,,,,,,-2.046,,,,111,,,,-999
"Cumulative effect of accounting change, net",,,,,,,,,,,,,,,,,,,,,,,,,,,,,,,,,,,,,,,,,,,,,,,,,,,,,,,,,,,,,,,,,,,,,,,,,,,,,,,,,,,-49
Gain on sale of Quilter Holdings Ltd.,,,,,,,,,,,,,,,,,,,,,,,,,,,,,,,,,,,,,,,,,,,,,,,,,,,,,,,,,,,,,,,,,,,,,,,,,,0,,,,-168,,0,0,0,
Compensation payable in common stock and options,1.457,1.008,539,1.622,1.231,859,442,1.709,1.348,981,558,1.875,1.377,849,431,2.085,1.636,1.136,518,1.312,802,548,154,1.153,825,592,293,920,743,526,321,1.026,775,518,269,1.136,794,492,217,1.104,836,611,295,1.260,933,629,311,1.180,850,559,265,891,898,618,372,1.300,1.006,728,340,1.260,977,671,370,1.265,1.021,627,204,1.878,1.637,1.672,1.279,1.267,657,608,1.941,2.132,1.266,607,1.923,1.742,1.215,763,820
Depreciation and amortization,3.520,2.172,865,5.161,3.516,2.246,975,4.256,2.850,1.862,940,3.998,2.791,1.863,942,4.216,2.979,1.944,887,3.769,2.363,1.510,824,2.643,1.987,1.333,658,1.844,1.375,907,390,1.753,1.340,889,434,1.736,1.357,879,415,1.433,1.023,654,321,1.161,748,612,326,1.511,1.084,716,360,1.581,1.218,793,375,1.404,1.187,759,379,1.419,1.837,1.191,154,1.224,829,363,155,794,532,309,238,209,81,126,475,478,254,204,876,538,365,179,815
Provision for consumer loan losses,,,,,,,,,,,,,,,,,,,,,,,,,,,,,,,,,,,,,,,,,,,,,,,,,,,,,,,,,,,,,,,,,,,,0,,0,,0,,0,478,472,399,195,756,517,285,155,878
Lease adjustment,,,,,,,,,,,,,,,,,,,,,,,,,,,,,,,,,,,,,,,,,,,,,,,,,,,,,,,,,,,,,,,,,,,,,,,,,,,,,,,,,,,109
Net gain / loss on business dispositions,,,,,,,,,,,,,,,,,,,,,,,,,,,,,,,,,,,,,,,,,,,,,,,,,,-30,5,,-108,-108,0,-24,-24,0,,-570,-514,-514,932,-606,-480,-480,19,-2.232,-2.232,-2.232,-1.500,-1.500,-698,,-168,-168,-168,,0,,,,0
Gain on sale of stake in China International Capital Corporation Limited,,,,,,,,,,,,,,,,,,,,,,,,,,,,,,,,,,,,,,,,,,,,,,,,,,,,,,,,,,,,-668,,,,0,,,,,,,,,,,,,,,,,,,
Gains on curtailments of pension and postretirement plans,,,,,,,,,,,,,,,,,,,,,,,,,,,,,,,,,,,,,,,,,,,,,,,,,,,,,,,,,,,,-54,,,,0,,,,,,,,,,,,,,,,,,,
Gain / loss on retirement of long-term debt,,,,,,,,,,,,,,,,,,,,,,,,,,,,,,,,,,,,,,,,,,,,,,,,,,,,,,,-14,,-46,31,23,27,0,0,0,-491,-460,-487,-233,-2.252,,,,,,,0,,,,0,,,,
Insurance reimbursement,,,,,,,,,,,,,,,,,,,,,,,,,,,,,,,,,,,,,,,,,,,,,,,,,,,,,,,,,,,,-76,-88,-88,-31,0,0,0,,0,,,,,,,-38,,,,0,,,,-251
Aircraft-related charges,,,,,,,,,,,,,,,,,,,,,,,,,,,,,,,,,,,,,,,,,,,,,,,,,,,,,,,,,,,,,,,,,,,,0,,,,,,,0,,,,125,125,125,125,509
Loss on Revel,,,,,,,,,,,,,,,,,,,,,,,,,,,,,,,,,,,,,,,,,,,,,,,,,,,,,,,,,,,,1.190,1.158,951,,0,0,0,,,,,,,,,,,,,,,,,
Goodwill and asset impairment charges,,,,,,,,,,,,,,,,,,,,,,,,,,,,,,,,,,,,,,,,,,,,,,,,,,,,,,,,,,,,,,,,,,,,1.238,,,,,,,0,,,,0,,,,
Provision / release for credit losses on lending activities,331,331,135,264,149,70,-6,532,529,395,234,280,193,158,57,4,-1,-25,-98,761,757,646,407,161,104,54,36,-15,-27,-29,26,29,32,25,25,144,138,131,128,123,47,38,63,23,1,15,-10,110,116,63,-39,155,127,62,-2,-113,,,,0,,,,,,,,,,,,,,,,,,,,,,,
Total other operating adjustments,268,156,-2,4,121,75,-12,308,44,116,66,618,508,356,51,-147,-149,-165,-95,274,663,599,1.044,-195,-114,-121,-92,199,-27,18,-37,153,-62,-158,-80,-102,-22,202,74,193,163,-18,14,-157,-226,-146,-142,-156,-203,-141,-43,72,196,24,43,880,715,634,651,136,62,-51,-56,872,689,408,278,0,0,-29,0,-21,0,-2,437,65,46,26,0,-25,-3,,311
Net gain on sale of available for sale securities,,,,,,,,,,,,,,,,,,,,,,,,,,,,,,,,,,,-2,,-127,-82,-12,-84,-74,-55,-25,-40,-36,-16,-6,-45,-43,-38,-3,-78,-53,-23,-1,-143,-130,-94,-12,-102,0,0,0,0,,,,,,,,,,,,,,,,,,,
Income / loss from equity method investments,,,,,,,,,,,,,,,,,,,,,,,,,,,,,,,,,0,0,-9,,39,-1,-15,-114,-118,-83,-38,-156,-108,-76,-56,-451,-400,-228,-64,-52,24,20,32,995,788,725,660,37,-4,-78,-66,49,,,,,,-29,,-21,,-2,,65,46,26,,-25,-3,,311
Impairment charges,,,,,,,,,,,,,,,,,,,,,,,,,,,,,,,,,,,5,,102,67,8,69,91,83,21,111,85,77,33,198,182,112,29,271,224,33,12,159,57,3,3,201,66,27,10,823,689,408,278,0,0,,0,,0,,437,,,,0,,,,0
Other operating adjustments,,,,,,,,,,,,,,,,,,,,,,,,,,,,,,,,,-62,-158,-74,,-36,218,93,322,264,37,56,-72,-167,-131,-113,142,58,13,-5,-69,1,-6,,-131,,,,,,,,,,,,,,,,,,,,,,,,,,,
Changes in assets and liabilities,-33.656,-23.760,-29.884,-19.370,-25.260,-2.944,-501,-49.108,-28.244,-28.139,-14.696,-23.498,-6.183,5.675,-4.957,12.689,17.753,20.924,21.499,-42.276,-12.193,-1.293,19.627,27.609,31.175,21.000,13.678,-4.975,5.095,-6.674,9.244,-16.429,-16.187,-19.195,-2.529,-5.233,1.155,11.801,2.186,-14.784,-15.375,-14.032,-16.211,-4.637,982,1.216,2.712,28.868,11.533,14.813,2.716,21.983,20.507,15.193,7.092,6.877,3.223,-9.862,-3.845,32.377,11.184,23.238,17.721,-48.689,-52.423,-41.743,-32.754,73.508,52.291,1.530,32.613,-13.200,-1.555,-21.374,-26.537,-12.575,-21.756,-33.657,-72.508,-52.712,-47.311,-23.786,-38.434
"Trading assets, net of trading liabilities",-69.812,-65.970,-48.968,34.496,12.358,10.375,-1.395,-61.026,-53.171,-31.849,2.582,-39.422,-23.285,-15.183,5.069,9.075,2.832,-1.526,20.463,15.551,18.442,17.539,35.079,-13.667,17.036,2.621,23.977,23.732,10.039,39.106,33.832,-27.588,-19.646,-18.797,-12.838,-24.079,-20.509,-333,5.814,30.212,39.775,25.115,11.414,20.619,39.156,26.647,30.790,-23.598,-5.944,12.075,13.284,6.389,31.556,38.656,13.690,29.913,34.742,22.984,7.568,16.400,4.421,7.242,-5.073,-26.130,-52.560,-16.344,1.711,78.486,2.295,23.870,52.926,20.567,6.499,-30.893,-25.361,-41.680,-35.451,-46.050,-74.769,-67.756,-36.391,-20.398,-24.521
Securities borrowed,-5.254,-16.100,-16.367,-2.768,-11.321,-1.618,-11.761,12.283,12.458,-5.752,-12.842,-3.661,-6.765,-8.795,-21.282,-17.322,-13.531,-14.312,10.242,-5.076,5.746,-285,34.249,9.764,-16.088,-17.267,-22.578,7.697,-18.479,-29.238,-11.825,1.226,-7.656,-1.486,13.433,17.180,16.136,11.135,2.003,-5.708,-11.537,-7.261,-13.657,-7.001,-10.596,-17.759,-17.888,-8.006,-17.468,-7.413,-14.026,5.373,-11.471,-7.189,-14.536,11.656,14.826,6.638,-4.207,28.771,5.067,-11.358,-13.554,-79.449,-40.870,-19.801,-4.537,154.209,77.563,-1.057,-31.718,-17.802,-19.204,-3.701,59.637,42.599,47.418,22.538,-55.390,-38.783,-30.340,-8.655,-35.892
Securities loaned,718,3.967,1.378,169,2.398,2.021,888,-622,-2.615,-2.310,-91,3.380,798,1.486,1.923,4.568,3.402,1.843,695,-1.541,-582,1.987,3.125,-3.402,-2.217,-1.583,600,-1.684,-1.759,-872,-36,-2.252,-214,1.018,3.090,-3.514,-2.843,-2.117,-2.218,-5.861,-4.575,-2.068,308,-7.580,-5.142,-1.991,-429,-4.050,-4.042,-714,3.502,6.387,5.458,300,3.969,1.368,-1.309,6.281,6.990,2.848,4.877,278,5.126,11.666,11.602,3.422,4.526,-95.602,-79.488,-76.444,-61.770,-64.442,-34.993,-23.533,-39.834,-5.112,-3.041,11.582,29.803,18.544,21.000,20.567,23.308
Customer and other receivables and other assets,-27.142,-13.253,-9.109,-5.308,-10.317,-7.736,272,602,3.884,3.032,4.899,14.664,7.966,13.193,1.227,774,-2.692,-2.360,-18.721,-29.774,-17.098,-7.789,-23.619,233,-5.135,48,1.567,-728,-4.092,-9.279,-13.019,-9.315,-7.930,-6.144,-1.687,-371,-2.800,-10.537,899,-434,5.842,-601,-5.990,2.204,-2.972,-2.606,-5.689,-1.459,339,-5.276,2.387,-11.546,-23.139,-10.936,-5.877,-4.375,-8.421,-12.595,-10.169,-1.960,-2.642,2.125,5.963,-2.234,1.257,-66,3.716,57.244,28.970,44.021,7.139,28.592,5.350,7.945,-36.013,-38.193,-63.526,-22.836,-35.695,-14.875,-30.154,-24.468,-4.986
Cash deposited with clearing organizations or segregated under federal and other regulations or requirements,,,,,,,,,,,,,,,,,,,,,,,,,,,,,,,,,,,,,,,,,,,,,-5.903,-5.510,-4.448,-8.233,-6.422,-4.393,-343,-1.516,607,36,-698,-10.274,-11.684,-6.324,-2.752,4.532,3.439,1.782,1.345,211,2.286,2.396,945,2.713,12.482,3.003,-6.357,8.408,-1.552,837,-32.040,-13.661,-17.546,-6.171,10.592,-3.856,-6.482,1.830,-3.388
Customer and other receivables and other assets excluding cash deposited with clearing organizations or segregated under federal and other regulations or requirements,,,,,,,,,,,,,,,,,,,,,,,,,,,,,,,,,,,,,,,,,,,,,2.931,2.904,-1.241,6.774,6.761,-883,2.730,-10.030,-23.746,-10.972,-5.179,5.899,3.263,-6.271,-7.417,-6.492,-6.081,343,4.618,-2.445,-1.029,-2.462,2.771,54.531,16.488,41.018,13.496,20.184,6.902,7.108,-3.973,-24.532,-45.980,-16.665,-46.287,-11.019,-23.672,-26.298,-1.598
Customer and other payables and other liabilities,49.566,36.316,24.460,-25.550,12.556,-842,3.735,-3.629,-15.265,-1.082,777,-4.897,8.283,11.719,17.994,7.758,19.829,9.917,3.270,10.187,-5.818,-1.005,-4.247,19.942,22.721,11.522,9.971,-13.063,310,9.053,1.129,2.007,8.055,5.598,-3.556,1.913,3.849,9.949,2.192,4.633,10.351,-1.482,8.052,27.971,23.335,21.972,16.866,26.697,21.500,13.315,6.976,-1.283,9.765,5.310,10.567,-6.985,22.501,13.458,1.350,697,2.495,872,5.494,769,-2.707,-9.586,-17.767,-114.500,-50.944,103.832,82.799,84.768,55.257,47.366,71.495,45.146,16.599,-1.987,34.326,37.938,24.557,2.648,-815
Securities purchased under agreements to resell,6.831,11.810,-483,-7.825,-26.612,-8.170,-11.993,3.167,12.338,15.993,-7.978,6.092,8.875,-736,-7.768,-3.765,-3.487,20.304,1.513,-28.010,-59,-8.388,-16.576,10.298,5.155,13.124,1.952,-14.264,15.172,-9.670,4.012,17.697,11.849,4.547,-2.868,-14.298,-2.922,-9.932,-11.117,-4.369,-43.918,-23.472,-7.944,34.842,19.136,9.174,10.554,16.282,424,-8.082,-6.003,-4.257,-6.127,-17.833,-6.296,18.098,-21.571,-32.737,-14.670,-5.045,-10.744,-1.654,4.575,-20.499,-24.276,910,2.169,54.110,-13.953,-52.653,-3.095,-39.041,-31.442,-16.210,48.900,-1.123,31.736,-17.375,-1.075,2.542,-15.959,-1.930,-51.204
Securities sold under agreements to repurchase,11.437,19.470,19.205,-12.584,-4.322,3.026,19.753,117,14.127,-6.171,-2.043,346,-2.055,3.991,-2.120,11.601,11.400,7.058,4.037,-3.613,-12.824,-3.352,-8.384,4.441,9.703,12.535,-1.811,-6.665,3.904,-5.774,-4.849,1.796,-645,-3.931,1.897,17.936,10.244,13.636,4.613,-33.257,-11.313,-4.263,-8.394,-75.692,-61.935,-34.221,-31.492,23.002,16.724,10.908,-3.404,20.920,14.465,6.885,5.575,-42.798,-37.545,-13.891,9.293,-9.334,7.710,25.733,15.190,67.188,55.131,-278,-22.572,-60.439,87.848,-40.039,-13.668,-25.842,16.978,-2.348,-105.361,-14.212,-15.491,20.471,30.292,9.678,19.976,8.450,55.676
Net cash used for / provided by investing activities,-33.382,-22.706,-5.034,-29.460,-19.310,-12.614,1.054,-3.084,5.717,5.200,-1.041,-11.632,-12.530,-8.369,158,-49.897,-34.591,-19.444,-22.561,-37.898,-37.438,-33.618,-21.108,-33.561,-25.721,-17.822,-7.227,-22.881,-14.066,-9.303,-6.922,-12.391,-8.828,2.695,-2.168,-19.508,-14.988,-12.414,-9.116,-19.995,-7.398,-7.334,-2.905,-35.324,-23.763,-24.109,-9.818,-24.461,-13.989,-6.603,-3.139,-12.625,-10.354,-1.479,-3.265,-10.734,-5.499,4.888,2.545,-29.464,-24.124,-19.614,-18.812,-4.472,-3.902,-3.174,-1.135,729,-799,1.006,376,539,224,-509,-11.438,-10.374,-8.669,-507,-2.345,204,2.302,1.951,-4.121
"Other assets premises, equipment and software, net",-2.189,-1.476,-713,-3.462,-2.583,-1.667,-816,-3.412,-2.483,-1.570,-719,-3.078,-2.308,-1.451,-652,-2.308,-1.658,-1.039,-525,-1.444,-905,-782,-354,-1.826,-1.460,-1.008,-529,-1.865,-1.361,-908,-410,-1.629,-1.177,-723,-350,-1.276,-941,-645,-315,-1.373,-964,-620,-320,-992,-533,-413,2,-1.316,-944,-583,-263,-1.312,-865,-436,-212,-1.304,-1.088,-725,-409,-1.201,-800,-436,-138,-2.877,-2.307,-1.879,-1.127,-1.400,-1.368,-1.123,-973,-810,-520,-335,-1.469,-1.228,-607,-295,993,1.327,1.990,-129,-540
"Business acquisitions, net of cash acquired",,,,,,,,,,,,,,,,,,,,,,,,,,,,,,,,,,,,,,,,,,,,,,,,,,,,,,,,,,,,-1.042,-1.028,-1.028,,-2.160,-2.160,-1.860,,-174,-174,-174,-174,-174,-8,-174,-1.169,-1.169,-1.167,-1.167,-2.706,-1.676,-1.676,-1.676,-323
"Business dispositions, net of cash disposed",,,,,,,,,,,,,,,,,,,,,,,,,,,,,,,,,,,0,,,,,998,,,,989,962,167,135,1.147,569,530,481,1.725,1.536,1.536,0,0,0,0,,840,800,800,,565,565,565,-8,2.303,743,2.303,1.523,1.523,752,,476,476,476,,0,0,0,,0
Net principal disbursed on consumer loans,,,,,,,,,,,,,,,,,,,,,,,,,,,,,,,,,,,,,,,,,,,,,,,,,,,,,,,,,,,,,,,,,,,,0,,0,,0,,0,-4.776,-4.776,-4.697,-623,-12.164,-10.145,-4.625,-2.857,-14.093
Sales of consumer loans,,,,,,,,,,,,,,,,,,,,,,,,,,,,,,,,,,,,,,,,,,,,,,,,,,,,,,,,,,,,,,,,,,,,0,,0,,0,,0,5.301,5.301,5.301,1.578,11.532,10.698,6.613,6.613,10.525
Sale of interest in POSIT,,,,,,,,,,,,,,,,,,,,,,,,,,,,,,,,,,,,,,,,,,,,,,,,,,,,,,,,,,,,,,,,,,,,,,,,,,,,,,,,,,,90
Insurance settlement,,,,,,,,,,,,,,,,,,,,,,,,,,,,,,,,,,,,,,,,,,,,,,,,,,,,,,,,,,,,,,,,,,,,,,,,,,,,,,,,,,,220
Sale of stake in China International Capital Corporation Limited,,,,,,,,,,,,,,,,,,,,,,,,,,,,,,,,,,,,,,,,,,,,,,,,,,,,,,,,,,,,989,,,,0,,,,,,,,,,,,,,,,,,,
Japanese securities joint venture with MUFG,,,,,,,,,,,,,,,,,,,,,,,,,,,,,,,,,,,,,,,,,,,,,,,,,,,,,,,,-129,,,,247,247,283,,0,0,0,,,,,,,,,,,,,,,,,
"Changes in loans, net",-28.560,-18.186,-6.486,-22.618,-13.934,-9.727,-355,-4.059,-4.186,-1.654,-822,-23.652,-23.280,-18.525,-7.479,-36.106,-23.197,-17.426,-6.474,-17.949,-13.592,-8.700,-13.243,-17.359,-10.079,-4.886,-1.329,-8.794,-7.697,-4.560,-3.801,-12.125,-9.350,-5.326,-1.105,-9.604,-7.709,-4.724,-3.505,-15.816,-11.313,-9.082,-2.666,-20.116,-13.974,-11.798,-4.560,-10.057,-6.046,-3.441,-2.168,-3.486,-1.739,-1.670,-569,-9.208,-7.252,,,-307,,,,,,,,,,,,,,,,,,,,,,,
"Purchases, net of proceeds from sales",,,,,,,,,,,,,,,,,,,,,,,,,,,,,,,,,,,,,,,,,,,,,-797,-679,6.254,,,,,,,,,,,,,,,,,,,,,,,,,,,,,,,,,,,,
"Originations, net of repayments",,,,,,,,,,,,,,,,,,,,,,,,,,,,,,,,,,,,,,,,,,,,,-13.177,-11.119,-10.814,,,,,,,,,,,,,,,,,,,,,,,,,,,,,,,,,,,,
Purchases,-28.767,-18.687,-6.562,-39.187,-31.240,-21.308,-10.472,-23.078,-9.522,-6.413,-3.475,-29.833,-27.867,-23.533,-17.459,-69.571,-57.334,-40.125,-32.333,-59.777,-41.147,-33.195,-12.924,-42.586,-35.078,-26.061,-15.895,-27.800,-16.836,-12.388,-5.482,-23.962,-19.713,-8.418,-6.449,-50.911,-41.230,-30.700,-15.211,-47.291,-32.133,-26.832,-15.067,-32.623,-24.581,-19.329,-8.188,-30.557,-20.497,-14.335,-4.674,-24.477,-17.492,-6.418,-3.487,-20.601,-13.968,-8.632,-3.357,-29.989,-23.374,-19.233,-18.674,0,0,0,0,0,,0,,0,,,-14.073,-13.194,-7.975,,0,0,0,,0
Purchases of available for sale securities,-28.767,-18.687,-6.562,-35.327,-27.717,-18.368,-9.019,-23.078,-9.522,-6.413,-3.475,-24.602,-22.636,-18.623,-14.125,-42.469,-32.483,-18.272,,-39.478,,,-12.924,,-35.078,-26.061,-15.895,,-16.836,-12.388,-5.482,-23.962,-19.713,-8.418,-6.449,-50.911,-41.230,-30.700,-15.211,-47.291,-32.133,-26.832,-15.067,-32.623,-24.581,-19.329,-8.188,-30.557,-20.497,-14.335,-4.674,-24.477,-17.492,-6.418,-3.487,-20.601,-13.968,-8.632,-3.357,-29.989,-23.374,-19.233,-18.674,0,0,0,0,0,,0,,0,,,-14.073,-13.194,-7.975,,0,0,0,,0
Purchases excluding purchases of available for sale securities,0,0,0,-3.860,-3.523,-2.940,-1.453,0,0,0,0,-5.231,-5.231,-4.910,-3.334,-27.102,-24.851,-21.853,,-20.299,,,,,,,,,,,,,,,,,,,,,,,,,,,,,,,,,,,,,,,,,,,,,,,,,,,,,,,,,,,,,,,
Proceeds from sales,4.650,2.462,1.714,5.728,5.540,5.535,4.548,5.929,5.315,4.739,1.466,22.014,21.922,21.368,18.469,20.652,18.325,17.546,6.825,13.750,7.220,3.581,3.128,17.151,13.561,9.869,7.875,3.208,2.947,2.231,810,18.131,16.111,13.533,3.604,33.716,28.960,20.274,8.515,37.926,32.788,26.501,13.810,12.980,11.212,5.499,1.853,11.425,9.052,8.377,2.029,10.398,,,,17.064,,,,,,,,,,,,,,,,,,,,,,,,0,,,
Sales of securities available for sale,,,,,,,,,,,,,,,,,,,,,,,,,,,,,,,,,,,,,,,,,,,,,,,,,,,,,8.200,5.439,1.003,,16.809,14.245,6.311,999,31,0,0,0,0,,,0,,0,,,,,4.272,4.216,,,0,,,,0
Proceeds from paydowns and maturities,22.230,13.631,7.037,31.564,23.895,15.023,8.420,22.459,16.939,10.276,5.077,23.264,19.519,14.106,7.403,40.916,32.368,24.479,12.638,24.517,11.240,5.616,2.378,12.012,8.183,5.040,2.663,12.668,9.126,6.469,2.125,7.445,5.378,3.668,2.071,8.367,5.956,3.507,1.536,5.663,4.285,2.796,1.290,4.651,3.415,2.153,981,4.757,3.760,2.663,1.351,4.738,,,,2.934,,,,,,,,,,,,,,,,,,,,,,,,,,,
Maturities and redemptions of available for sale securities,16.123,9.111,5.314,21.089,15.616,9.531,5.308,14.316,12.017,6.890,3.460,13.435,11.682,8.444,4.301,26.375,21.508,16.917,,15.664,,,2.378,,8.183,5.040,2.663,,9.126,6.469,2.125,7.445,5.378,3.668,2.071,8.367,5.956,3.507,1.536,5.663,4.285,2.796,1.290,4.651,3.415,2.153,981,4.757,3.760,2.663,1.351,4.738,,,,2.934,,,,,,,,,,,,,,,,,,,,,,,,,,,
Proceeds from paydowns and maturities excluding maturities and redemptions of available for sale securities,6.107,4.520,1.723,10.475,8.279,5.492,3.112,8.143,4.922,3.386,1.617,9.829,7.837,5.662,3.102,14.541,10.860,7.562,,8.853,,,,,,,,,,,,,,,,,,,,,,,,,,,,,,,,,,,,,,,,,,,,,,,,,,,,,,,,,,,,,,,
Cash acquired as part of the E*TRADE acquisition,,,,,,,,,,,,,,,,,-2.648,-2.648,-2.648,3.807,0,0,0,0,,,,0,,,,,,,,,,,,,,,,,,,,,,,,,,,,,,,,,,,,,,,,,,,,,,,,,,,,,,,
"Cash paid as part of the Eaton Vance acquisition, net of cash acquired",,,,,,,,,,,,,,,,-2.648,,,,0,,,,0,,,,,,,,,,,,,,,,,,,,,,,,,,,,,,,,,,,,,,,,,,,,,,,,,,,,,,,,,,,
Other investing activities,-746,-450,-24,-1.485,-988,-470,-271,-923,-346,-178,-2.568,-347,-516,-334,-124,-832,-447,-231,-44,-802,-254,-138,-93,-953,-848,-776,-12,-298,-245,-147,-164,-251,-77,-39,61,200,-24,-126,-136,-102,-61,-97,48,-213,-264,-388,-41,140,117,186,105,-211,6,70,,510,,,,,,,,,,,,,,,,,,,,,,,,,,,
Net cash provided by / used for financing activities,43.788,34.712,13.045,46.756,31.501,8.453,8.857,-2.726,-8.420,-8.781,-6.288,22.714,-3.261,1.306,9.291,41.547,21.832,10.049,9.564,83.784,48.925,51.599,47.954,-11.966,-21.180,-17.261,-15.864,24.205,13.362,11.826,363,16.261,17.533,7.365,2.722,7.363,-5.462,-2.558,3.849,24.154,22.662,15.704,9.951,23.143,12.954,-843,519,2.633,8.809,-10.389,-4.162,-11.897,-22.609,-20.539,-12.881,-5.148,399,2.748,2.816,4.163,5.580,-4.500,1.578,3.024,3.161,778,4.188,-18.544,-32.703,-8.073,1.402,8.045,8.791,14.622,38.085,28.816,34.538,26.702,53.985,33.477,24.986,15.034,32.076
Short-term borrowings,,,,,,,,,,,,,,,,,,,,,,,,,,,,,,,,,,,,,-1.233,-1.293,-1.064,,-279,861,618,119,-382,-359,-356,4,195,228,337,-705,-720,-855,-826,-413,-375,310,46,878,2.271,1.457,945,-7.724,-7.189,-7.072,-6.691,-24.012,-16.870,-20.336,-10.206,-10.679,-4.353,-8.543,8.274,4.624,4.441,4.523,-2.422,-5.122,2.908,-1.711,-5.183
Derivatives financing activities,,,,,,,,,,,,,,,,,,,,,,,,,,,,,,,,,,,,,,,,,,,,,,,,,,,,,,,-169,,54,146,89,-85,-76,-64,-39,-85,-78,-71,-53,962,855,,146,,-1.448,,-859,,,,546,,,,1.044
Net proceeds from / payments for,,,,,,,,,,,,,,,,,,,,,,,,,,,,,,,,,,,,,,,,,,,,,,,,,,,,,,,,,,,,,,,,,,,,,,,,,,,,,,,,,,,
Other secured financings,849,3.374,-683,4.358,1.384,1.360,1.225,796,146,-138,356,-884,-1.352,-1.859,-636,-625,-1.125,-1.107,-3.798,2.794,229,332,259,3.695,-587,214,-1.575,-1.226,-1.874,-2.275,-2.101,-1.573,1.400,4.272,199,1.333,-278,-69,-329,-2.370,-1.677,-280,399,-2.189,-1.725,194,-1.719,-10.726,-1.395,-1.761,501,-6.628,-4.291,-4.822,-1.674,1.867,1.705,3.176,2.312,-751,-409,-367,1.458,-4.437,-2.261,-2.391,-2.024,-15.246,-9.616,-5.052,2.529,2.106,15.115,12.981,-24.231,-14.663,-8.547,-409,22.022,14.408,5.264,3.501,16.487
Deposits,29.111,13.232,5.520,23.955,11.519,-2.941,534,-5.075,-11.188,-8.134,-9.084,1.659,-16.816,-7.807,5.834,36.897,18.347,9.643,12.391,75.417,48.734,46.287,44.694,2.513,-7.084,-11.227,-8.089,28.384,15.749,13.366,988,3.573,-1.224,-10.950,-3.754,-171,-4.191,-3.341,1.557,22.490,13.682,5.659,2.271,21.165,12.003,5.316,4.269,29.113,21.541,-1.752,-2.643,17.604,5.095,2.590,779,1.850,2.372,1.713,-317,1.597,-1.013,-847,1.711,10.860,11.060,11.027,8.567,11.576,2.500,5.595,3.394,4.048,4.001,4.508,23.099,15.188,15.214,8.950,9.647,6.512,3.897,4.668,4.886
Excess tax benefits associated with stock-based awards,,,,,,,,,,,,,,,,,,,,,,,,,,,,,,,,,,,,,,,,,180,176,173,101,91,85,84,10,8,13,12,42,42,42,34,0,30,29,29,5,4,3,2,102,12,11,10,47,0,47,63,114,39,226,281,242,181,110,144,60,39,14,355
Noncontrolling interests,,,,,,,,,,,,,,,,,,,,,,,,,,,,,,,,,,,,,,,,,,,,,,,,,,,,,,,,,,,,,,,,,,,,,,,,,,,,,,,,,,,
Issuance of preferred stock and common stock warrant,,,,,,,,,,,,,,,,,,,,,,,,,,,,,,,,,,,,,,,,,,,,,,,,,,,,,,,,,,,,,,,,,,,,18.997,,383,,352,,241,0,784,602,332,1.097,1.487,229,99,0
Issuance of preferred stock,,,,,,,,,,,,,,,,,,,,,,,,,,,,,,,,,,,,,,,,,,,,,,,,,,,,,,,,,,,,,,,,,,,,,,,,,,,,,,,,1.097,,,
Issuance of common stock,,,,,,,,,,,,,,,,,,,,,,,,,,,,,,,,,,,,,,,,,,,,,,,,,,,,,,,,,,,,,,,,,,,,,,383,,352,,241,,784,602,332,,390,229,99,
Public offerings and other issuances of common stock,,,,,,,,,,,,,,,,,,,,,,,,,,,,,,,,,,,,,,,,,,,,,,,,,,,,,,,,,,,,5.581,5.581,2,1,6.255,6.253,6.241,19,397,296,,264,,207,,1.192,,,,643,,,,327
Morgan Stanley public offerings of common stock,,,,,,,,,,,,,,,,,,,,,,,,,,,,,,,,,,,,,,,,,,,,,,,,,,,,,,,,,,,,,,,,,6.212,6.212,,0,0,,0,,,,265,,,,0,,,,0
Issuance of common stock,,,,,,,,,,,,,,,,,,,,,,,,,,,,,,,,,,,,,,,,,,,,,,,,,,,,,,,,,,,,,,,,,41,29,,397,296,,264,,,,927,,,,643,,,,327
Derivatives financing activities,,,,,,,,,,,,,,,,,,,,,,,,,,,,,,,,,73,73,48,,0,0,0,512,392,312,226,855,784,360,150,1.003,244,459,279,243,220,241,,129,,,,,,,,,,,,,,436,,-910,,549,,298,-89,-578,,1.002,-156,-168,
"Issuance of preferred stock, net of issuance costs",0,0,,995,995,0,,0,0,,,994,994,,,1.275,0,,,0,,,,497,,,,0,,,,994,994,994,994,0,0,0,0,1.493,1.493,1.493,1.493,2.782,2.782,1.788,0,1.696,854,0,,0,0,,,0,,,,,,,,,,,,,,,,,,,,,,,,,,,
Issuance of long-term borrowings,94.184,69.341,32.439,108.365,80.369,54.470,28.079,78.424,60.916,40.061,21.219,72.460,54.283,39.773,20.284,90.273,73.591,49.100,24.112,60.726,42.169,32.914,20.601,30.605,23.697,16.692,8.091,40.059,34.233,28.234,15.370,55.416,46.121,33.522,18.433,43.626,27.528,20.628,13.183,34.182,30.159,22.909,11.339,36.740,26.529,14.825,7.701,27.939,24.766,21.698,10.046,23.646,16.196,9.422,5.320,32.725,30.063,22.596,14.285,32.523,26.648,13.757,7.755,43.960,36.342,28.805,19.433,42.331,30.159,37.554,26.685,30.939,8.859,9.725,74.540,54.426,40.395,21.839,47.849,33.263,25.693,12.093,35.768
Issuance of junior subordinated debentures related to China Investment Corporation,,,,,,,,,,,,,,,,,,,,,,,,,,,,,,,,,,,,,,,,,,,,,,,,,,,,,,,,,,,,,,,,,,,,5.579,,5.579,,5.579,,5.579,0,0,0,0,0,,,,
Payments for,,,,,,,,,,,,,,,,,,,,,,,,,,,,,,,,,,,,,,,,,,,,,,,,,,,,,,,,,,,,,,,,,,,,,,,,,,,,,,,,,,,
Long-term borrowings,-71.194,-45.092,-20.845,-80.230,-54.596,-38.736,-17.721,-64.805,-48.847,-34.259,-15.201,-34.898,-27.019,-19.514,-11.094,-70.124,-56.699,-40.300,-19.774,-50.484,-38.151,-24.632,-14.967,-40.548,-30.391,-18.513,-11.927,-34.781,-28.235,-22.981,-11.377,-35.825,-25.097,-17.821,-11.538,-31.596,-22.902,-15.900,-7.961,-27.377,-17.615,-12.963,-5.334,-33.103,-24.731,-21.342,-8.786,-38.742,-31.084,-22.958,-12.018,-43.092,-36.386,-26.445,-16.043,-39.232,-31.936,-24.192,-13.046,-28.201,-20.662,-17.570,-9.693,-33.175,-28.546,-24.675,-14.414,-56.120,-38.506,-31.258,-20.783,-22.810,-13.260,-10.330,-33.120,-21.970,-14.160,-6.484,-20.643,-14.888,-10.995,-1.973,-16.735
Series D preferred stock and warrant,,,,,,,,,,,,,,,,,,,,,,,,,,,,,,,,,,,,,,,,,,,,,,,,,,,,,,,,,,,,,,,,-10.950,-10.950,-10.000,,,0,,0,,,,,,,,,,,,
Redemption of capital units,,,,,,,,,,,,,,,,,,,,,,,,,,,,,,,,,,,,,,,,,,,,,,,,,,,,,,,,,,,,,,,,,,,,0,,0,,0,,0,-66,-66,-66,-66,0,0,0,0,0
Redemption of junior subordinated debentures related to China Investment Corporation Limited,,,,,,,,,,,,,,,,,,,,,,,,,,,,,,,,,,,,,,,,,,,,,,,,,,,,,,,,,,,,-5.579,-5.579,,,0,0,,,,,,,,,,,,,,,,,,
Repurchases of common stock and employee tax withholdings,-4.305,-3.159,-2.030,-4.199,-3.347,-2.541,-1.718,-6.178,-4.836,-3.294,-2.205,-10.871,-9.126,-6.518,-3.681,-12.075,-9.228,-5.600,-2.582,-1.890,-1.840,-1.810,-1.782,-5.954,-4.447,-2.909,-1.645,-5.566,-4.380,-3.173,-1.868,-4.292,-3.008,-1.709,-1.161,-3.933,-2.908,-1.629,-976,-2.773,-2.135,-1.473,-839,-1.458,-1.172,-964,-672,-691,-451,-314,-306,-227,-222,-191,-183,-317,-311,-283,-273,-317,-298,-275,-262,-50,-37,-19,-14,-1.828,-1.591,-86,-64,-68,-55,0,-4.191,-3.519,-2.825,-1.210,-3.731,-2.381,-1.312,-1.199,-3.693
Repurchases of common stock through capital management share repurchase program,,,,,,,,,,,,,,,,,,,,,,,,,,,,,,,,,,,,,,,,,,,,,,,,,,,,,,,,,,,,,,,,,,,,-711,-487,0,,0,,,-3.753,-3.237,-2.609,,-3.376,,,,
Repurchases of common stock for employee tax withholding excluding repurchases of common stock through capital management share repurchase program,,,,,,,,,,,,,,,,,,,,,,,,,,,,,,,,,,,,,,,,,,,,,,,,,,,,,,,,,,,,,,,,,,,,-1.117,-1.104,-86,,-68,,,-438,-282,-216,,-355,,,,
Cash distribution in connection with the discover spin-off,,,,,,,,,,,,,,,,,,,,,,,,,,,,,,,,,,,,,,,,,,,,,,,,,,,,,,,,,,,,,,,,,,,,0,,0,,,,,-5.615,-5.615,,,0,0,,,0
Purchase of additional stake in Wealth Management JV,,,,,,,,,,,,,,,,,,,,,,,,,,,,,,,,,,,,,,,,,,,,,,,,-4.725,-4.725,-4.725,,-1.890,-1.890,0,,0,0,,,0,,,,,,,,,,,,,,,,,,,,,,,
Cash dividends,-4.905,-3.200,-1.616,-6.138,-4.553,-2.963,-1.496,-5.763,-4.286,-2.785,-1.406,-5.401,-4.023,-2.618,-1.314,-4.171,-2.857,-1.501,-755,-2.739,-2.008,-1.328,-688,-2.627,-2.082,-1.412,-663,-2.375,-1.788,-1.115,-599,-2.085,-1.562,-954,-511,-1.746,-1.311,-791,-436,-1.455,-1.096,-673,-310,-904,-652,-387,-143,-475,-358,-239,-119,-469,-349,-230,-112,-834,-714,-594,-302,-1.156,-867,-582,-293,-1.732,-1.445,-1.078,-645,-1.227,-935,-935,-626,-626,-314,-314,-1.219,-913,-608,-305,-1.167,-864,-581,-290,-1.180
Other financing activities,48,216,260,-350,-270,-196,-46,-125,-325,-232,33,-345,-202,-151,-102,97,-197,-186,-30,-40,-208,-164,-163,-147,-286,-106,-56,-290,-343,-230,-50,53,-164,-62,12,-150,-167,-163,-125,-548,-442,-317,-85,-965,-573,-359,-9,-1.773,-786,-1.038,-251,-421,-304,-291,-7,-923,-489,-153,-7,-332,-20,-14,-7,0,0,,,,1.005,,,,,,,,,,,,,,
Noncontrolling interests,,,,,,,,,,,,,,,,,,,,,,,,,,,,,,,,,-43,-35,-2,-96,-47,-43,-5,-96,-70,-60,-2,-189,-189,-189,-9,-557,-549,-540,-8,-296,-186,-178,-7,-791,-489,-153,-7,-332,-20,-14,-7,0,0,,,,1.005,,,,,,,,,,,,,,
Other financing activities excluding noncontrolling interests,,,,,,,,,,,,,,,,,,,,,,,,,,,,,,,,,-121,-27,14,-54,-120,-120,-120,-452,-372,-257,-83,-776,-384,-170,0,-1.216,-237,-498,-243,-125,-118,-113,,-132,,,,,,,,,,,,,,,,,,,,,,,,,,,
Derivatives financing activities,,,,,,,,,,,,,,,,,,,,,,,,,,,,,,,,,-73,-48,0,,-120,-120,-120,-452,-372,-257,-83,-776,-384,-170,0,-1.216,-237,-498,-243,-125,-118,-113,,-132,,,,,,,,,,,,,,,,,,,,,,,,,,,
Other financing activities excluding derivatives financing activities,,,,,,,,,,,,,,,,,,,,,,,,,,,,,,,,,-48,21,14,,0,0,0,0,,,,0,,,,,,,,,,,,,,,,,,,,,,,,,,,,,,,,,,,,,,,
Effect of exchange rate changes on cash and cash equivalents,3.421,3.885,1.318,-2.504,99,-1.796,-1.198,451,-1.239,-21,325,-4.283,-7.837,-4.528,-1.327,-3.550,-2.654,-1.273,-1.418,2.828,955,-902,-1.344,-271,-1.548,-105,-464,-1.828,-1.694,-1.248,860,3.670,3.406,1.569,877,-1.430,1.054,714,645,-1.735,-767,-542,-682,-1.804,-939,127,59,-202,-298,-735,-612,-119,-42,-307,93,-314,140,416,644,14,171,-923,-380,720,869,201,-661,-2.546,-581,-81,1.105,268,685,345,594,339,16,-44,797,,,,
Effect of cash and cash equivalents related to variable interest entities,,,,,,,,,,,,,,,,,,,,,,,,,,,,,,,,,,,,,,,,,,,,,,,,,-465,-380,-584,-526,-487,-447,-534,511,362,254,310,297,245,0,0,0,0,,,,,,,,,,,,,,,,,,
Net increase / decrease in cash and cash equivalents,-1.652,3.744,-14.647,16.154,1.852,928,13.073,-38.895,-19.726,-23.133,-16.869,402,-16.029,3.561,8.361,22.071,18.209,20.826,12.464,23.483,12.601,24.105,49.338,-5.025,-7.540,-7.616,-6.514,6.801,12.086,1.194,6.949,3.035,3.562,-2.530,1.521,-8.192,-11.531,2.050,-445,-2.039,6.534,-625,-6.691,-12.899,-4.057,-18.998,-4.459,12.979,10.877,295,-4.002,-408,-10.726,-5.306,-8.587,-303,6.292,3.132,4.993,15.624,1.124,4.356,3.487,-46.679,-50.060,-43.664,-30.129,53.056,28.907,-1.896,38.104,-1.816,9.617,-4.633,4.992,15.982,11.180,-3.970,-8.808,-10.868,-14.621,-4.005,-3.397
"Cash and cash equivalents, at beginning of period",105.386,105.386,105.386,89.232,89.232,89.232,89.232,128.127,128.127,128.127,128.127,127.725,127.725,127.725,127.725,105.654,105.654,105.654,105.654,82.171,82.171,82.171,82.171,87.196,87.196,87.196,87.196,80.395,80.395,80.395,80.395,77.360,77.360,77.360,77.360,85.552,54.083,54.083,54.083,87.591,46.984,46.984,46.984,59.883,59.883,59.883,59.883,46.904,46.904,46.904,46.904,47.312,47.312,47.312,47.312,47.615,47.615,47.615,47.615,31.991,31.991,31.991,31.991,78.670,78.670,78.670,78.670,25.598,24.659,25.598,24.659,25.598,24.659,25.598,20.606,20.606,20.606,20.606,29.414,29.414,29.414,29.414,32.811
"Cash and cash equivalents, at end of period",103.734,109.130,90.739,105.386,91.084,90.160,102.305,89.232,108.401,104.994,111.258,128.127,111.696,131.286,136.086,127.725,123.863,126.480,118.118,105.654,94.772,106.276,131.509,82.171,79.656,79.580,80.682,87.196,92.481,81.589,87.344,80.395,80.922,74.830,78.881,77.360,42.552,56.133,53.638,85.552,53.518,46.359,40.293,46.984,55.826,40.885,55.424,59.883,57.781,47.199,42.902,46.904,36.586,42.006,38.725,47.312,53.907,50.747,52.608,47.615,33.115,36.347,35.478,31.991,28.610,35.006,48.541,78.654,53.566,23.702,62.763,23.782,34.276,20.965,25.598,36.588,31.786,16.636,20.606,18.546,14.793,25.409,29.414
Cash and cash equivalents,,,,135.029,,,,119.803,,,,,,,,,,,,,,,,,,,,,,,87.344,80.395,80.922,74.830,78.881,77.360,42.552,56.133,53.638,85.552,53.518,46.359,40.293,46.984,55.826,40.885,55.424,59.883,57.781,47.199,42.902,46.904,36.586,42.006,38.725,47.312,53.907,50.747,52.608,47.615,33.115,36.347,35.478,31.991,28.610,35.006,48.541,78.654,53.566,,62.763,,34.276,,25.598,,,,20.606,,,,
Cash and due from banks,,,,4.436,,,,7.323,,,,,,,,,,,,,,,,,,,,,,,29.073,24.816,24.047,25.008,22.081,22.017,26.899,27.597,22.797,19.827,19.244,19.145,19.683,21.381,20.242,18.863,13.785,16.602,14.333,16.295,17.773,20.878,18.239,12.408,10.133,13.165,12.255,9.066,8.120,7.341,6.936,8.770,5.979,6.988,6.218,9.184,8.019,11.276,25.958,,7.317,,11.077,,7.248,,,,4.761,,,,
Interest bearing deposits with banks,,,,100.950,,,,81.909,,,,,,,,,,,,,,,,,,,,,,,22.980,21.348,24.144,19.651,20.773,21.364,15.653,28.536,30.841,34.256,34.274,27.214,20.610,25.603,35.584,22.022,41.639,43.281,43.448,30.904,25.129,26.026,18.347,29.598,28.592,34.147,41.652,41.681,44.488,40.274,26.179,27.577,29.499,25.003,22.392,25.822,40.522,67.378,27.608,,55.446,,23.199,,18.350,,,,15.845,,,,
Total cash and cash equivalents,,,,105.386,,,,89.232,,,,,,,,,,,,,,,,,,,,,,,52.053,46.164,48.191,44.659,42.854,43.381,42.552,56.133,53.638,54.083,53.518,46.359,40.293,46.984,55.826,40.885,55.424,59.883,57.781,47.199,42.902,46.904,36.586,42.006,38.725,47.312,53.907,50.747,52.608,47.615,33.115,36.347,35.478,31.991,28.610,35.006,48.541,78.654,53.566,,62.763,,34.276,,25.598,,,,20.606,,,,
Restricted cash,,,,29.643,,,,30.571,,,,,,,,,,,,,,,,,,,,,,,35.291,34.231,32.731,30.171,36.027,33.979,,,,31.469,,,,,,,,,,,,,,,,,,,,,,,,,,,,,,,,,,,,,,,,,,,
Supplemental disclosure,,,,,,,,,,,,,,,,,,,,,,,,,,,,,,,,,,,,,,,,,,,,,,,,,,,,,,,,,,,,,,,,,,,,,,,,,,,,,,,,,,,
Cash payments for interest,-34.682,-24.543,-12.464,-46.359,-34.498,-23.020,-11.878,-41.940,-30.299,-19.162,-8.912,-9.819,-4.339,-1.407,-623,-1.303,-1.236,-881,-586,-4.120,-3.747,-2.742,-2.123,-12.511,-9.760,-6.311,-2.896,-9.977,-6.818,-3.934,-1.407,-5.377,-3.422,-1.922,-737,-2.834,-1.784,-1.082,-613,-2.672,-1.456,,,-3.575,,,,-4.793,,,,,,,,,,,,,,,,,,,,,,,,,,,,,,,,,,,
"Cash payments for income taxes, net of refunds",-2.684,-2.345,-534,-1.885,-1.449,-1.043,-233,-2.035,-1.248,-978,-307,-4.147,-2.805,-1.988,-383,-4.231,-3.303,-2.033,-339,-2.591,-1.675,-679,-342,-1.908,-1.603,-1.115,-245,-1.377,-1.009,-790,-250,-1.390,-967,-732,-262,-831,-504,-340,-122,-677,-541,,,-886,,,,-930,,,,,,,,,,,,,,,,,,,,,,,,,,,,,,,,,,,
All figures in millions of U.S. Dollar.,,,,,,,,,,,,,,,,,,,,,,,,,,,,,,,,,,,,,,,,,,,,,,,,,,,,,,,,,,,,,,,,,,,,,,,,,,,,,,,,,,,