,30 JUN '25,31 MAR '25,31 DEC '24,30 SEP '24,30 JUN '24,31 MAR '24,31 DEC '23,30 SEP '23,30 JUN '23,31 MAR '23,31 DEC '22,30 SEP '22,30 JUN '22,31 MAR '22,31 DEC '21,30 SEP '21,30 JUN '21,31 MAR '21,31 DEC '20,30 SEP '20,30 JUN '20,31 MAR '20,31 DEC '19,30 SEP '19,30 JUN '19,31 MAR '19,31 DEC '18,30 SEP '18,30 JUN '18,31 MAR '18,31 DEC '17,30 SEP '17,30 JUN '17,31 MAR '17,31 DEC '16,30 SEP '16,30 JUN '16,31 MAR '16,31 DEC '15,30 SEP '15,30 JUN '15,31 MAR '15,31 DEC '14,30 SEP '14,30 JUN '14,31 MAR '14,31 DEC '13,30 SEP '13,30 JUN '13,31 MAR '13,31 DEC '12,30 SEP '12,30 JUN '12,31 MAR '12,31 DEC '11,30 SEP '11,30 JUN '11,31 MAR '11,31 DEC '10,30 SEP '10,30 JUN '10,31 MAR '10,31 DEC '09,30 SEP '09,30 JUN '09,31 MAR '09,31 DEC '08,30 SEP '08,30 JUN '08,31 MAR '08,31 DEC '07,31 DEC '06,31 DEC '05,31 DEC '04
,,,,,RECAP,RECAP,RECAP,RECAP,RECAP,RECAP,RECAP,RECAP,RECAP,RECAP,RECAP,RECAP,RECAP,RECAP,RECAP,RECAP,RECAP,RECAP,RECAP,RECAP,RECAP,RECAP,RECAP,RECAP,RECAP,RECAP,RECAP,RECAP,RECAP,RECAP,RECAP,RECAP,RECAP,RECAP,RECAP,RECAP,RECAP,RECAP,RECAP,RECAP,RECAP,RECAP,RECAP,RECAP,RECAP,RECAP,RECAP,RECAP,RECAP,RECAP,RECAP,RECAP,RECAP,RECAP,RECAP,RECAP,RECAP,RECAP,RECAP,RECAP,RECAP,RECAP,RECAP,RECAP,RECAP,RECAP,RECAP,RECAP,RECAP,RECAP
Net cash provided by / used in operating activities,"-222,29","-251,84","-42,01","-189,77","-115,69","-154,16","12,97","-47,26","-92,38","-111,24","107,12","5,90","24,10","-41,92","78,08","-7,01","-30,34","-43,87","-79,91","-51,86","-37,17","-120,09","4,09","-78,72","-94,73","-80,88","15,61","13,77","0,58","-35,11","-10,83","-23,38","-18,49","-22,56","21,88","-18,72","-22,91","-21,38","73,47","57,30","32,18","14,88","36,59","7,85","10,30","14,67","107,95","114,87","88,48","19,96","25,08","29,59","46,25","4,27","95,93","66,52","58,73","-5,98","-3,75","-4,86","45,73","17,39","122,80","110,88","103,26","50,76","23,93","32,41","23,97","-2,42","-110,56","-49,58","-30,24","-15,15"
Net income / loss,"29,63","14,64","58,47","44,47","31,57","13,42","49,55","40,25","27,09","12,62","37,68","26,67","16,93","8,28","48,33","37,94","26,25","14,30","29,13","17,00","7,55","2,87","36,43","27,91","18,83","9,18","32,47","25,41","17,03","8,71","24,44","20,21","13,48","6,45","24,73","18,01","11,72","5,52","24,44","19,01","12,20","5,91","21,75","16,81","11,25","5,27","17,89","12,65","13,03","6,53","21,28","15,59","9,88","4,92","18,98","15,25","10,99","5,56","17,37","12,54","8,12","3,33","11,73","8,45","4,86","2,14","5,61","4,90","4,38","2,37","15,37","14,44","8,48","4,47"
Adjustments to reconcile net income / loss to net cash provided by / used in operating activities,"5,03","3,04","13,74","1,28","-1,03","2,03","19,59","8,46","6,16","4,36","36,76","28,71","20,97","13,66","-6,15","-15,55","-23,78","-11,32","36,27","31,90","26,81","13,85","21,58","16,25","20,59","16,94","6,78","10,30","3,77","1,63","22,36","17,20","9,16","3,47","14,55","13,03","5,10","4,44","8,02","3,85","-0,83","0,82","18,57","14,98","15,73","11,58","10,73","6,71","4,21","3,51","5,66","4,76","1,07","-3,51","23,14","16,41","14,32","6,18","30,23","28,99","13,35","8,46","52,65","43,16","22,07","3,71","13,33","2,48","14,88","8,62","12,41","1,79","0,04","10,84"
Provision for credit losses,"6,15","3,31","10,68","8,05","4,94","1,88","9,32","6,56","5,17","2,28","6,39","4,10","2,56","1,46","-9,26","-7,97","-6,44","-4,16","17,48","19,37","18,76","8,29","5,59","4,16","2,64","1,50","4,87","3,32","2,38","1,17","5,29","3,98","2,53","1,32","5,36","4,50","3,23","1,82","3,83","2,58","1,89","0,96","3,14","2,30","1,54","0,85","0,23","0,12","0,66","0,62","3,39","2,73","0,94","0,73","7,57","5,39","2,98","1,17","16,64","13,60","10,37","7,01","32,02","24,73","16,63","8,60","20,98","13,67","7,88","4,42","6,86","3,27","3,48","2,54"
Depreciation and amortization,"4,24","2,03","7,94","5,97","4,01","2,00","7,51","4,18","2,16","1,65","7,05","5,38","3,61","1,82","7,93","6,00","4,07","2,07","8,61","6,49","4,35","2,20","8,37","6,23","4,08","2,04","7,79","5,72","3,72","1,80","6,18","4,55","2,97","1,46","5,48","4,03","2,63","1,29","4,94","3,67","2,42","1,18","4,76","3,57","2,43","1,21","5,31","4,06","2,41","0,97","5,15","3,74","2,45","1,23","5,11","3,82","2,55","1,27","4,97","3,69","2,41","1,20","4,36","2,75","1,75","0,69","4,53","3,25","2,14","0,92","3,82","3,58","4,32","3,84"
Depreciation and amortization excluding amortization of intangibles,,,,,,,,,,,,,,,,,,,,,,,,,,,,,,,,,,,,,,,,,,,,,,,,"3,62","2,11","0,82",,"3,18","2,07","1,04","4,26","3,18","2,12","1,06","4,03","2,99","1,93","0,96","3,31","1,95","1,21","0,41","3,27","2,31","1,50","0,61","2,43","2,15","2,83","2,92"
Amortization of intangibles,,,,,,,,,,,,,,,,,,,,,,,,,,,,,,,,,,,,,,,,,,,,,,,,"0,44","0,30","0,15",,"0,57","0,38","0,19","0,85","0,64","0,43","0,22","0,94","0,70","0,48","0,24","1,05","0,79","0,54","0,28","1,26","0,94","0,63","0,32","1,39","1,43","1,49","0,91"
Private equity unrealized gains / losses,,,,,,,,,,,,,,,,,,,,,,,,,,,,,,,,,,,,,,,,,,,,,,,,,,,,,,,,,,,,,,,,,,,,,,,,,,"-0,77"
Proceeds on sale of investment,,,,,,,,,,,,,,,,,,,,,,,,,,,,,,,,,,,,,,,,,,,,,,,,,,,,,,,,,,,,,,,,,,,"-1,54","-1,74","-1,54","-1,54","0,00","0,00",,
Gains on disposition of businesses,,,,,,,,,,,,,,,,,,,,,,,,,,,,,,,,,,,,,,,,,,,,,,,,,,,,,,,,,,,,,,,,,,,,,,,,"-1,14","-1,25","-0,02"
Deferred tax expense / benefit,"-0,42","0,52","2,00","-0,24","-1,61","-0,99","-4,53","-4,54","-2,24","-0,61","-2,74","-3,46","-2,09","-0,73","3,75","-1,06","1,03","1,00","-3,57","-5,14","-4,66","-1,24","1,27","-0,44","-0,04","0,23","1,72","-0,32","-0,22","-0,18","2,31","-0,19","-0,16","0,63","4,65","0,85","0,58","0,91","1,33","-0,53","0,09","0,03","4,36","1,89","2,54","2,83","8,14","2,64","2,17","1,82","1,13","0,76","1,47","-0,44","1,69","-0,48","0,68","-0,21","-0,97","-1,77","-0,57","-0,04","-3,62","-2,25","-2,28","-1,21","-2,64","-2,97","-1,14","-0,41","1,31","-1,81","-1,79","-0,83"
Estimated bargain purchase gain associated with the First Republic acquisition,"0,00","0,00",,"-0,10","0,00","0,00",,"0,00",,,,,,,,,,,,,,,,,,,,,,,,,,,,,,,,,,,,,,,,,,,,,,,,,,,,,,,,,,,,,,,,,,
Bargain purchase gain associated with the First Republic acquisition,"0,00","0,00","-0,10","0,00","-0,10","0,02","-2,78","-2,81","-2,71","0,00","0,00","0,00","0,00",,"0,00",,,,,,,,,,,,,,,,,,,,,,,,,,,,,,,,,,,,,,,,,,,,,,,,,,,,,,,,,,,
Initial gain on the visa share exchange,"0,00",,"-7,99","-7,99","-7,99",,"0,00","0,00","0,00",,"0,00",,,,,,,,,,,,,,,,,,,,,,,,,,,,,,,,,,,,,,,,,,,,,,,,,,,,,,,,,,,,,,,
Other,"0,98","0,60","1,99","1,72","1,46","0,67","4,30","3,61","3,01","1,74","5,17","3,82","2,17","1,20","3,27","2,66","1,79","0,89","1,65","1,25","1,20","0,41","2,00","1,65","1,16","0,64","2,72","2,18","1,61","0,95","2,14","1,66","1,16","0,60","1,80","1,42","1,00","0,47","1,79","1,41","0,98","0,51","2,11","1,63","1,10","0,59","1,55","1,08","0,59","0,13","0,44","0,02","-0,11","0,30","1,08","0,55","0,62","0,73","0,29","0,82","0,16","0,33","2,25","1,71","1,13","0,59","1,08","0,98","0,71","0,63","1,86","2,91","2,90","0,96"
Investment securities gains / losses,,,,,,,,,,,,,,,,,,,,,,,,,,,,,,,,,,,,,,,,,,,,"-0,05","-0,04","-0,03",,"-0,66","-0,63","-0,51","-2,11","-2,01","-1,55","-0,54","-1,59","-1,55","-0,94","-0,10","-2,97","-1,71","-1,61","-0,61","-1,11","-0,73","-0,55","-0,20","-1,56","-1,10","-0,68","-0,03","-0,16","0,54","1,34","-0,34"
Stock-based compensation,,,,,,,,,,,,,,,,,,,,,,,,,,,,,,,,,,,,,,,,,,,,"1,68","1,14","0,62",,"1,73","1,23","0,64","2,55","2,02","1,44","0,83","2,68","2,10","1,56","0,83","3,25","2,53","1,77","0,94","3,36","2,44","1,67","0,79","2,64","2,09","1,39","0,66","2,03","2,37","1,56","1,30"
Originations and purchases of loans held-for-sale,"-133,10","-68,53","-212,24","-160,57","-105,77","-49,58","-115,25","-83,53","-48,27","-22,01","-149,17","-131,59","-102,86","-66,26","-347,86","-259,16","-184,87","-85,46","-166,50","-112,14","-76,34","-47,35","-169,29","-119,58","-35,91","-15,61","-172,73","-68,24","-43,14","-20,01","-94,63","-75,91","-58,12","-24,59","-61,11","-32,62","-24,96","-7,46","-48,11","-36,19","-30,67","-8,86","-67,53","-48,33","-34,94","-12,93","-75,93","-60,07","-44,97","-16,50","-34,03","-20,03","-14,87","-9,23","-52,56","-48,79","-41,64","-22,92","-37,09","-20,99","-14,26","-6,50","-22,42","-14,06","-9,85","-5,67","-34,90","-29,55","-21,29","-11,18","-116,47","-178,36","-108,61","-89,32"
"Proceeds from sales, securitizations and paydowns of loans held-for-sale","120,50","62,72","205,30","148,29","99,91","47,31","116,43","83,17","47,75","20,87","167,71","149,42","116,76","75,56","336,41","244,97","161,03","75,55","175,49","120,79","83,75","52,35","171,42","122,21","45,00","23,53","163,75","68,21","41,66","18,30","93,27","75,26","53,05","21,26","60,20","31,76","22,36","7,82","49,36","39,33","27,80","10,65","71,41","53,25","38,85","16,90","73,57","61,06","46,92","16,96","33,20","21,48","17,03","6,84","54,09","50,72","42,44","21,77","40,16","25,41","18,37","7,81","33,90","23,08","16,21","5,82","38,04","32,20","22,66","10,47","107,35","173,45","102,60","95,97"
Net change in,,,,,,,,,,,,,,,,,,,,,,,,,,,,,,,,,,,,,,,,,,,,,,,,,,,,,,,,,,,,,,,,,,,,,,,,,,
Trading assets,"-245,62","-231,67","-95,73","-237,76","-191,12","-211,23","-74,09","-151,15","-178,77","-117,07","-31,45","-114,01","-53,82","-91,21","85,71","2,70","-2,00","-34,26","-148,75","-145,12","-133,13","-167,83","6,55","-92,04","-111,56","-123,06","-35,07","-44,43","-42,86","-37,23","5,67","-31,19","-22,91","-17,65","-20,01","-44,08","-52,50","-32,98","62,21","44,47","34,11","5,45","-24,81","-30,54","-14,76","4,01","89,11","84,08","68,14","28,26","-5,38","-2,76","28,99","-4,48","36,44","8,20","34,93","-5,45","-72,08","-69,78","17,95","-5,98","133,49","115,08","140,93","90,28","-12,79","18,93","1,49","-10,92","-121,24","-61,66","-3,85","-48,70"
Securities borrowed,"-4,43","-19,16","-18,76","-51,69","1,59","2,10","-14,90","-2,85","21,84","-10,46","20,20","12,35","3,38","-18,98","-45,64","-42,47","-25,84","-18,95","-20,73","-2,51","-2,78","0,15","-27,63","-26,16","-18,59","-11,15","-6,86","-17,34","-3,13","-11,05","-8,65","-5,19","5,85","4,18","2,31","-10,48","-4,51","-4,83","12,17","4,83","11,90","2,06","1,02","-7,42","-2,51","-10,56","7,56","-3,41","1,88","4,99","23,46","8,96","4,27","6,83","-18,94","-7,99","2,10","4,60","-3,93","-7,69","-2,62","-7,10","4,45","-3,98","-5,28","-3,94","15,41","-12,61","-3,40","3,17","-10,50","0,92","-27,29","-4,82"
Accrued interest and accounts receivable,"-23,85","-17,07","5,74","-15,49","-28,55","-22,56","19,93","-0,17","16,11","9,82","-22,97","-41,62","-43,05","-49,72","-12,40","-26,15","-34,93","-24,32","-18,01","-4,40","0,37","-49,32","-0,08","-16,09","-15,42","0,87","-5,85","-11,34","-8,08","-5,01","-15,87","-9,80","-11,94","-7,77","-5,82","-17,73","-18,41","-11,12","22,66","11,42","0,15","-0,03","-3,64","-7,79","-12,80","-9,09","-2,34","-3,49","-19,48","-12,69","1,73","-0,68","-5,97","-3,10","8,66","-1,95","-10,15","-9,05","0,44","7,36","9,27","16,65","-6,31","1,14","-0,44","8,72","10,22","-33,48","3,03","-16,60","-1,93","-1,17","-1,93","-2,39"
Other assets,"-5,05","7,58","-7,65","-1,47","5,46","9,41","32,97","39,37","44,60","14,13","-2,88","-17,11","-14,93","1,32","-11,75","-0,36","2,71","7,13","-42,43","-28,73","-24,20","-61,90","-17,78","-21,02","-10,15","2,29","-8,78","2,91","-0,72","-3,93","3,98","18,67","11,21","11,83","-4,18","-6,43","-10,76","-7,46","-3,70","-6,23","0,72","-10,20","-9,17","9,84","18,80","13,14","0,53","-6,06","-7,25","-1,96","-4,68","-1,81","-3,41","-1,16","-15,46","-18,80","1,17","3,67","-12,45","-28,88","-18,68","-4,75","32,56","26,99","17,72","3,67","-32,92","-16,88","-8,12","-13,85","-21,63","-7,19","1,35","-17,59"
Trading liabilities,"29,76","-10,49","2,28","53,50","53,23","41,06","5,32","30,79","-4,85","3,20","11,17","34,95","23,65","29,99","-23,19","-10,67","-3,52","-0,01","77,20","63,52","69,34","97,08","-14,52","12,77","12,77","13,35","18,29","21,58","22,00","11,86","-26,26","-23,16","-12,83","-11,52","5,20","23,31","42,74","24,92","-28,97","-6,63","-16,66","17,35","26,82","2,62","-7,14","-1,95","-9,77","6,87","8,19","-6,57","-3,92","8,11","8,66","4,41","7,91","23,01","-7,63","-13,88","19,34","49,22","19,40","15,03","-79,31","-59,43","-61,75","-32,74","24,06","-10,04","13,38","13,55","12,68","-4,52","-12,58","29,76"
Accounts payable and other liabilities,"-7,76","1,28","-0,09","17,40","13,16","11,61","-25,39","-11,96","-24,56","-27,85","58,61","75,96","70,98","64,74","43,16","47,55","30,77","23,56","7,42","16,50","18,87","45,02","-0,47","19,66","8,79","10,71","14,63","26,68","12,57","-0,09","-16,51","-10,12","-10,50","-11,54","5,09","5,66","3,71","0,12","-23,36","-13,42","-9,43","-6,48","6,06","9,34","1,73","2,27","-5,75","17,53","19,77","-2,10","-13,07","-2,58","2,77","0,35","35,20","32,39","12,99","2,40","17,33","3,38","-1,07","-8,24","-26,45","-20,52","-14,85","-21,10","1,01","79,09","-1,67","11,23","4,28","7,82","5,53","13,28"
Other operating adjustments,"6,67","2,39","6,16","6,16","4,14","0,71","4,58","1,84","1,30","0,44","2,34","1,04","0,80","0,61","-0,40","-0,99","-0,39","-1,21","3,12","1,29","-0,25","-0,80","2,23","2,03","3,65","4,62","-1,34","-0,58","-2,24","-0,40","7,80","7,86","7,72","2,79","-1,83","3,09","0,28","-0,41","-5,12","-6,42","-3,34","-3,66","0,31","0,66","4,21","2,13","-2,13","-2,17","-3,57","-0,50","-3,61","-3,93","-5,84","-2,93","6,16","5,20","6,69","4,37","6,23","8,23","-3,15","-1,35","6,17","7,20","-1,52","-5,11","-12,21","-13,35","5,46","5,31","7,67","-0,11","-1,60","-1,54"
Net cash used in / provided by investing activities,"-291,14","-118,08","-163,40","-181,02","-137,62","-43,38","67,64","-12,24","5,55","23,79","-137,82","-86,29","-125,81","-72,61","-129,34","-29,19","33,09","15,39","-261,91","-198,21","-183,48","-135,83","-52,06","-36,50","27,42","36,30","-199,42","-39,78","-38,97","-45,02","28,25","47,71","24,54","47,11","-89,20","-112,10","-52,06","-34,58","106,98","79,72","77,47","-24,15","-165,64","-95,63","-97,94","-68,41","-150,50","-189,10","-142,25","-55,46","-119,83","-69,72","-65,96","-45,36","-170,75","-169,67","-145,81","-65,81","54,00","20,72","73,67","-13,86","29,36","37,60","36,27","3,63","-283,67","-219,53","-54,08","-68,49","-74,19","-99,63","-12,94","-29,73"
Net change in,,,,,,,,,,,,,,,,,,,,,,,,,,,,,,,,,,,,,,,,,,,,,,,,,,,,,,,,,,,,,,,,,,,,,,,,,,
Deposits with banks,,,,,,,,,,,,,,,,,,,,,,,,,,,,,,,,,,,,"-56,19","-5,58","-20,18","144,46","108,28","85,67","-21,91","-168,43","-98,26","-77,86","-56,48","-194,36","-249,76","-189,63","-135,94","-36,60","-19,11","-45,15","-29,75","-63,59","-107,19","-148,19","-59,16","41,63","32,22","23,87","4,28","74,83","78,44","76,18","48,24","-118,93","-15,16","-1,46","-0,95","2,08","8,17","0,10","-4,20"
Federal funds sold and securities purchased under resale agreements,"-175,52","-134,48","-18,71","-114,40","-116,56","-54,37","39,74","-34,10","-9,82","-1,32","-54,28","-40,74","-60,83","-40,41","34,47","14,09","35,28","23,79","-47,12","-70,60","-7,58","1,12","72,40","64,21","53,76","22,46","-123,20","-19,26","-28,11","-49,18","31,45","44,46","11,36","39,38","-17,47","-20,05","-24,62","-10,58","3,19","-2,63","2,93","-3,47","30,85","32,27","-1,43","-17,09","47,73","60,03","43,43","77,88","-60,82","-46,43","-19,70","-5,22","-12,49","-25,17","9,20","5,08","-26,96","-39,43","-3,34","-34,70","7,08","31,70","43,37","45,65","-44,60","-76,17","-20,46","-31,73","-29,81","-6,94","-32,47","-13,10"
Held-to-maturity securities,"14,98","9,71","94,65","70,00","45,77","35,04","48,92","30,01","9,62","5,64","14,95","4,21","-6,54","-3,71","-60,86","-39,87","-36,85","-16,65","8,96","5,97","0,62","2,39","-10,00","-9,44","0,50","0,57","-6,42","-6,35","-5,97","-3,99","2,21","2,91","2,29","1,19","6,08","4,31","2,58","1,08","-0,11","-1,14","-2,49","-0,08","-6,18","-5,69","-4,65","-4,01","-24,03","-4,51","0,00","0,00","0,00","0,00","0,00","0,00","0,01","0,01","0,00","0,00","0,01","0,01","0,00","0,00","0,01","0,01","0,01","0,00","0,01","0,01","0,01","0,00","0,01","0,02","0,03","0,07"
Proceeds from paydowns and maturities,"18,15","11,34","99,36","72,35","46,80","35,52","53,06","34,15","13,76","9,26","48,63","33,54","20,95","9,51","50,90","39,11","26,22","14,70","21,36","11,50","5,63","2,60","3,42","2,24","1,32","0,57","2,95","2,27","1,46","0,70","4,56","3,51","2,29","1,19","6,22","4,44","2,72","1,22","6,10","4,79","3,19","1,38","4,17","2,95","1,67","0,64","0,19","0,02","0,00","0,00","0,00","0,00","0,00","0,00","0,01","0,01","0,00","0,00","0,01","0,01","0,00","0,00","0,01","0,01","0,01","0,00","0,01","0,01","0,01","0,00","0,01","0,02","0,03","0,07"
Purchases,"-3,17","-1,63","-4,71","-2,36","-1,03","-0,48","-4,14","-4,14","-4,14","-3,62","-33,68","-29,33","-27,49","-13,22","-111,76","-78,98","-63,07","-31,35","-12,40","-5,53","-5,01","-0,21","-13,43","-11,68","-0,82","0,00","-9,37","-8,61","-7,43","-4,69","-2,35","-0,59","0,00","0,00","-0,14","-0,13","-0,13","-0,13","-6,20","-5,93","-5,68","-1,46","-10,35","-8,63","-6,31","-4,65","-24,21","-4,53","0,00","0,00","0,00","0,00",,,"0,00",,,,,,,,,,,,,,,,,,,
Available-for-sale securities,"-68,67","12,84","-209,59","-126,26","-68,28","-37,46","46,68","40,01","40,91","19,08","-2,48","17,69","-8,07","-17,10","-35,96","22,99","43,98","-1,04","-189,71","-127,08","-149,56","-68,20","-119,77","-115,42","-39,56","-3,34","-11,62","17,41","17,49","12,80","41,01","27,46","26,84","6,86","-9,42","17,86","13,63","8,00","46,09","33,55","24,63","10,47","7,57","-8,46","2,00","8,62","32,68","10,22","3,52","0,27","4,96","8,68","13,63","-11,12","-46,83","-18,82","-0,43","-14,72","31,85","11,38","32,48","0,62","-144,62","-155,53","-135,17","-126,01","-107,38","-54,15","-34,46","-15,94","7,09","-52,87","32,21","5,99"
Proceeds from paydowns and maturities,"17,96","10,71","38,50","22,41","16,74","10,36","53,74","39,16","23,47","11,02","39,16","30,65","21,91","11,29","50,08","39,35","28,73","14,10","57,68","43,71","27,07","12,42","52,20","41,38","30,55","7,61","37,40","29,62","19,72","10,79","56,12","43,54","29,48","14,52","65,95","49,65","33,07","15,85","76,45","58,28","43,45","25,22","90,66","67,26","41,25","22,49","89,63","69,89","52,65","31,18","112,63","84,72","63,41","32,28","86,85","58,74","39,90","20,59","92,74","71,85","57,01","37,32","87,71","64,99","47,13","27,16","44,41","29,57","21,22","9,25","31,14","24,91","31,05","45,20"
Proceeds from sales,"85,50","55,85","104,63","84,39","61,21","28,45","108,43","82,92","69,88","34,55","84,62","62,25","36,22","16,97","162,75","146,86","125,19","80,82","149,76","110,35","65,98","50,99","70,18","43,46","35,98","22,29","46,07","34,32","25,23","16,70","90,20","57,64","42,97","12,75","48,59","34,97","22,56","11,68","40,44","29,30","22,57","6,91","38,41","21,05","14,98","10,91","73,31","51,07","38,05","20,07","81,96","73,11","55,39","19,97","68,63","60,92","42,99","4,37","118,60","85,80","77,75","20,95","114,04","85,13","67,47","24,25","96,81","62,76","32,44","21,77","98,45","123,75","82,90","134,53"
Purchases,"-172,13","-53,72","-352,71","-233,06","-146,23","-76,27","-115,50","-82,08","-52,43","-26,49","-126,26","-75,20","-66,20","-45,36","-248,79","-163,21","-109,94","-95,96","-397,15","-281,15","-242,61","-131,61","-242,15","-200,26","-106,09","-33,24","-95,09","-46,53","-27,45","-14,68","-105,31","-73,72","-45,61","-20,42","-123,96","-66,77","-42,00","-19,53","-70,80","-54,03","-41,39","-21,66","-121,50","-96,78","-54,23","-24,78","-130,27","-110,75","-87,18","-50,98","-189,63","-149,15","-105,17","-63,37","-202,31","-138,47","-83,32","-39,68","-179,49","-146,27","-102,29","-57,65","-346,37","-305,65","-249,77","-177,42","-248,60","-146,48","-88,12","-46,96","-122,51","-201,53","-81,75","-173,75"
Proceeds from sales and securitizations of loans held-for-investment,"25,94","11,96","57,92","43,79","29,07","13,50","47,31","34,54","19,53","9,23","44,89","36,20","22,19","9,99","35,85","25,98","16,17","6,62","23,56","18,51","12,19","7,56","62,10","52,74","31,29","14,58","29,83","20,15","12,96","4,22","15,79","11,60","7,76","2,25","15,43","8,76","5,60","2,86","18,60","14,63","10,22","4,66","20,12","14,59","9,17","4,40","12,03","9,28","6,09","2,92","6,43","4,86","3,70","1,38","10,48","9,08","7,76","1,56","9,48","7,83","5,85","1,43","31,03","28,62","17,90","4,66","27,53","26,43","18,02","5,62","34,93","20,81","23,86","12,85"
"Other changes in loans, net","-83,17","-16,13","-83,18","-53,00","-24,57","0,88","-88,34","-60,09","-33,35","-2,26","-128,97","-96,15","-67,80","-18,19","-91,80","-45,03","-21,98","3,32","-50,26","-21,61","-33,23","-65,61","-51,74","-24,30","-16,90","3,80","-83,01","-49,76","-33,44","-8,23","-61,65","-39,39","-24,27","-2,55","-81,00","-65,20","-43,09","-15,93","-108,96","-75,89","-45,51","-15,77","-51,75","-30,07","-24,73","-3,26","-23,72","-11,90","-3,79","0,34","-30,49","-16,11","-17,19","-0,18","-58,37","-27,81","-14,13","1,57","3,02","12,10","13,14","14,00","50,65","43,74","37,59","25,78","-59,12","-67,08","-41,65","-25,95","-83,44","-70,84","-40,44","-47,73"
Proceeds from assets sale to the FRBNY,,,,,,,,,,,,,,,,,,,,,,,,,,,,,,,,,,,,,,,,,,,,,,,,,,,,,,,,,,,,,,,,,,,"28,85","28,85","28,85",,"0,00","0,00",,
Net maturities / purchases of asset-backed commercial paper guaranteed by the FRBB,,,,,,,,,,,,,,,,,,,,,,,,,,,,,,,,,,,,,,,,,,,,,,,,,,,,,,,,,,,,,,,"11,23","11,23","-3,26","5,21","-11,23","-61,32","0,00","0,00","0,00","0,00",,
Purchases of assets pursuant to nonrecourse advances provided by the FRBB under the MMLF,,,,,,,,,,,,,,,,,,,,,"-3,79","-11,99",,,"0,00","0,00",,,,,,,,,,,,,,,,,,,,,,,,,,,,,,,,,,,,,,,,,,,,,,,,
"All other investing activities, net","-4,70","-1,97","-4,51","-1,15","-3,05","-0,96","-26,66","-22,60","-21,34","-6,58","-11,93","-7,50","-4,75","-3,20","-11,04","-7,35","-3,51","-0,65","-7,34","-3,40","-2,12","-1,12","-5,04","-4,28","-1,66","-1,77","-4,99","-1,99","-1,91","-0,65","-0,56","0,66","0,55","-0,02","-2,83","-1,59","-0,58","0,16","3,70","2,91","2,02","1,94","2,18","-0,02","-0,45","-0,58","-0,83","-2,47","-1,87","-0,93","-3,31","-1,61","-1,25","-0,48","0,04","0,24","-0,01","-0,15","-5,02","-3,39","1,68","0,51","-0,86","-0,61","-0,36","0,10","1,19","-0,94","-2,93","0,46","-5,04","2,02","3,76","16,38"
Net cash provided by / used in business acquisitions or dispositions,"0,00",,"-2,36","-2,36","-2,36",,"-9,92","-9,92","-9,92",,"0,00","0,00","0,00",,"0,00",,,,,,,,,,,,,,,,,,,,,,,,,,,,,"0,02","-0,02","0,00",,"-0,06","-0,05","-0,04","0,09","0,09","0,09","-0,03","0,10","0,04","-0,01","-0,02","-4,91","-4,65","-0,01","-0,00","-0,10","0,06","-0,02","-0,09","2,13","2,16","0,44","0,80","-0,07","0,19","-1,04","13,86"
"All other investing activities, net excluding net cash provided by / used in business acquisitions or dispositions","-4,70",,"-2,15","1,21","-0,69",,"-16,74","-12,68","-11,42",,"-11,93","-7,50","-4,75",,"-11,04",,,,"-7,34",,,,"-5,04",,,,,,,,,,,,,,,,,,,,,"-0,04","-0,43","-0,58",,"-2,40","-1,82","-0,89","-3,40","-1,70","-1,34","-0,45","-0,06","0,20","0,01","-0,13","-0,11","1,26","1,69","0,52","-0,76","-0,67","-0,34","0,19","-0,93","-3,10","-3,38","-0,34","-4,97","1,84","4,80","2,52"
Net cash provided by / used in financing activities,"440,86","318,06","63,45","179,15","168,41","141,17","-25,57","10,33","14,64","64,56","-126,26","16,09","48,97","132,77","275,99","278,02","180,97","218,91","596,65","470,69","451,44","362,31","32,99","96,01","56,47","69,44","34,16","16,32","13,77","60,59","14,64","36,41","47,91","43,61","98,27","131,70","74,16","53,58","-187,51","-143,51","-113,43","4,34","118,23","74,06","75,44","40,32","28,32","51,24","30,11","28,18","87,71","33,62","4,87","35,35","107,71","132,37","89,33","67,33","-49,22","-18,57","-112,32","2,02","-153,08","-154,56","-141,25","-54,31","247,00","201,69","21,95","77,29","184,06","152,75","45,07","59,60"
Deposits,"153,46","85,03","3,30","22,27","-7,21","25,01","-32,20","-43,08","-27,78","33,68","-136,90","-44,34","5,84","99,69","293,76","234,72","138,58","120,50","602,77","452,45","382,78","297,98","101,00","77,15","62,80","26,80","26,73","15,27","10,10","49,43","57,02","51,35","53,12","35,93","97,34","113,37","68,21","51,98","-88,68","-96,47","-88,84","8,97","89,35","52,05","33,42","-5,32","81,48","72,98","-6,30","2,88","67,25","11,68","-11,17","-4,35","203,42","178,06","110,90","56,23","-9,64","-20,22","-46,18","-19,93","-107,70","-172,48","-173,30","-112,29","177,33","81,99","-2,56","38,74","113,51","82,11","31,42","52,08"
Federal funds purchased and securities loaned or sold under repurchase agreements,"298,49","236,20","80,29","172,76","184,31","109,14","13,80","66,05","63,59","43,72","8,46","45,91","28,59","29,60","-20,80","39,75","30,26","88,84","31,53","52,75","51,89","49,27","1,35","65,43","19,34","40,35","23,42","22,72","16,40","20,19","-6,74","3,73","-0,04","17,66","13,01","15,80","13,35","8,30","-39,42","-11,79","-11,20","4,47","10,91","17,56","35,36","36,26","-58,87","-21,32","18,90","8,15","26,55","43,64","48,10","36,95","-63,12","-38,09","-22,50","8,84","15,20","52,65","-24,02","33,75","67,79","116,55","107,28","87,32","15,25","46,91","22,11","38,17","-7,83","36,25","-1,86","7,07"
Commercial paper and other borrowed funds,"10,77","10,82","7,44","5,36","2,30","1,44","0,00","1,30","0,00","0,00","0,00","0,00","5,62","4,30","7,77","4,71","5,86","9,39","4,44","1,95","7,99","12,46","0,00","0,00","0,00","1,46","18,48","12,97","12,15","11,03","16,54","19,01","18,22","4,31","-2,46","-0,47","0,31","0,81","-57,83","-47,62","-24,16","-11,89","9,24","4,37","11,12","6,49","2,78","1,83","4,93","3,33","9,32","5,69","-1,09","4,27","7,23","13,85","12,67","13,29","-6,87","-2,19","-0,96","9,10","-67,20","-69,36","-53,69","-25,02","9,22","58,53","-10,02","-0,65","41,41","12,66","2,62","-4,34"
Short-term borrowings,,,"0,00",,,,"-1,93",,"-3,14","-1,88","-8,98","-4,81","0,00","0,00","0,00","0,00",,,"0,00",,,,"-28,56","-20,58","-9,91",,"0,00","0,00","0,00",,"0,00",,,,,,,,,,,,,,,,,,,,,,,,,,,,,,,,,,,,,,,,,,,
Beneficial interests issued by consolidated variable interest entities,"-0,03","-2,43","1,54","-0,00","1,63","2,66","9,03","10,82","7,71","3,00","2,21","2,04","0,55","0,05","-4,25","-1,84","-0,67","-1,44","1,35","2,84","3,62","1,61","4,29","5,02","9,35","5,67","1,71","0,98","-0,17","-0,09","-1,38","-1,31","-1,07","0,15","-5,71","-4,77","-2,67","-2,74","-5,63","-1,37","-1,45","-0,51","-0,83","-4,52","-5,67","-3,25","-10,43","-10,96","-6,23","-2,53","0,35","-4,31","-5,70","2,17","1,17","1,70","-0,57","0,22","2,43","-2,11","-2,27","-2,43","-4,08","-5,36","-1,84","-0,87","-0,06",,,,"1,07",,,
Proceeds from long-term borrowings,"53,88","29,93","109,92","78,95","54,10","29,39","75,42","42,82","19,36","8,75","78,44","68,94","45,87","20,65","82,41","69,27","55,77","24,16","78,69","64,24","57,74","34,85","61,09","45,16","29,16","15,56","71,66","54,84","41,17","19,92","56,27","46,31","35,53","16,54","83,07","72,02","36,06","15,72","79,61","70,24","54,59","28,40","78,52","54,26","36,47","22,06","83,55","70,31","62,02","36,70","86,27","51,85","27,24","14,53","54,84","45,25","36,86","17,06","55,18","39,09","20,89","12,35","51,32","42,72","38,08","17,75","72,41","47,57","38,18","19,51","95,14","56,72","43,72","25,34"
Payments of long-term borrowings,"-50,82","-28,46","-96,61","-67,38","-46,71","-21,25","-64,88","-48,76","-32,00","-16,17","-45,56","-37,47","-25,99","-13,09","-54,93","-46,04","-33,46","-14,98","-105,06","-90,48","-42,94","-29,06","-69,61","-51,94","-38,38","-12,43","-76,31","-69,64","-50,17","-31,89","-83,08","-65,93","-47,74","-26,05","-68,95","-51,05","-32,02","-16,56","-67,25","-51,38","-40,19","-22,18","-65,28","-49,49","-36,63","-17,00","-60,50","-53,53","-38,11","-16,47","-96,47","-70,69","-48,22","-16,71","-82,08","-56,82","-42,13","-27,25","-99,04","-81,66","-58,42","-30,12","-68,44","-43,75","-34,92","-18,68","-65,34","-50,29","-29,97","-17,48","-49,41","-34,27","-26,88","-16,04"
Proceeds from issuance of preferred stock and warrant to the U.S. treasury,,,,,,,,,,,,,,,,,,,,,,,,,,,,,,,,,,,,,,,,,,,,,,,,,,,,,,,,,,,,,,,,,,,"25,00",,,,"0,00","0,00",,
Redemption of preferred stock issued to the U.S. treasury,,,,,,,,,,,,,,,,,,,,,,,,,,,,,,,,,,,,,,,,,,,,,,,,,,,,,,,,,,,,,,,"-25,00","-25,00","-25,00",,"0,00","0,00","0,00",,"0,00",,,
Proceeds from issuance of preferred stock,"3,00","3,00","2,50","2,50","2,50","2,50","0,00","0,00","0,00","0,00","0,00",,,,"7,35","7,35","5,35","1,50","4,50","4,50","4,50","4,50","5,00","4,10","1,85","1,85","1,70","1,66","0,00","0,00","1,26","0,00",,,"0,00",,,,"5,89","5,89","4,77","1,39","8,85","8,85","7,25","3,90","3,87","3,87","2,38","0,88","1,23","1,23","0,00","0,00","0,00","0,00",,,"0,00",,,,,,,,"7,75","7,75","6,00",,"0,00","0,00",,
Redemption of preferred stock,"-3,00","-3,00","-9,85","-8,25","-6,00","0,00","0,00","0,00","0,00",,"-7,43","-2,00","-2,00","-2,00","-2,58","-2,58","-2,58","0,00","-1,43","-1,43","-1,43","-1,43","-4,08","-1,81","-0,93","-0,93","-1,70","0,00","0,00","0,00","-1,26",,,,"0,00",,,,"0,00",,,,,,,,"-1,80","-1,80",,,"0,00","0,00",,,"0,00",,,,"-0,35","-0,35",,,"0,00","0,00",,,"0,00",,,,,"-0,14","-0,20","-0,67"
Treasury stock purchased,"-15,03","-7,53","-18,83","-14,53","-8,17","-2,83","-9,82","-7,55","-5,17","-2,69","-3,16","-3,16","-3,16","-2,46","-18,41","-16,29","-11,00","-4,81","-6,52","-6,52","-6,52","-6,52","-24,00","-17,25","-10,30","-5,09","-19,98","-14,06","-9,64","-4,67","-15,41","-10,60","-5,84","-2,83","-9,08","-6,83","-4,54","-1,70","-5,62","-4,40","-3,15","-1,90","-4,76","-3,25","-1,76","-0,39","-4,79","-4,49","-3,75","-2,58","-1,65","-1,65","-1,65","-0,22","-8,86","-8,00","-3,58","-0,10","-3,00","-2,31","-0,14","0,00","0,00","0,00","0,00",,"0,00",,,,"-8,18","-3,94","-3,41","-0,74"
Dividends paid,"-8,03","-3,82","-14,78","-10,93","-7,27","-3,49","-13,46","-10,04","-6,65","-3,37","-13,56","-10,19","-6,77","-3,43","-12,86","-9,47","-6,31","-3,19","-12,69","-9,55","-6,34","-3,19","-12,34","-9,06","-6,08","-3,03","-10,11","-6,99","-4,72","-2,24","-8,99","-6,48","-4,39","-2,05","-8,48","-6,19","-4,12","-1,95","-7,87","-5,68","-3,73","-1,77","-6,99","-5,08","-3,36","-1,55","-6,06","-4,27","-2,73","-1,24","-5,19","-3,72","-2,49","-1,02","-3,90","-2,63","-1,57","-0,25","-1,49","-1,00","-0,75","-0,25","-3,42","-2,93","-2,68","-1,83","-5,91","-4,03","-2,66","-1,32","-5,05","-4,85","-4,88","-3,93"
"All other financing activities, net","-1,83","-1,68","-1,47","-1,59","-1,08","-1,40","-1,52","-1,24","-1,28","-0,49","0,23","1,16","0,42","-0,54","-1,48","-1,57","-0,82","-1,06","-0,93","-0,06","0,14","1,83","-1,15","-0,22","-0,43","-0,78","-1,43","-1,44","-1,36","-1,08","0,41","0,33","0,12","-0,05","-0,47","-0,17","-0,43","-0,28","-0,73","-0,95","-0,07","-0,64","-0,77","-0,69","-0,77","-0,88","-0,91","-1,36","-1,00","-0,94","0,07","-0,11","-0,15","-0,26","-1,00","-0,96","-0,76","-0,72","-1,64","-0,46","-0,48","-0,45","3,65","5,05","4,83","-0,69","11,36","13,26","0,89","0,33","3,39","8,21","4,55","0,82"
Excess tax benefits related to stock-based compensation,,,,,,,,,,,,,,,,,,,,,,,,,,,,,,,,,,,,,,,,,,,,"0,39","0,36","0,34",,"0,12","0,09","0,07","0,26","0,24","0,28","0,28","0,87","0,78","0,78","0,77","0,03","0,02","0,02","0,01","0,02","0,01","0,00","0,00","0,15","0,14","0,12","0,10","0,37","0,30","0,00","0,00"
Proceeds from issuance of common stock,,,,,,,,,,,,,,,,,,,,,,,,,,,,,,,,,,,,,,,,,,,,,,,,,,,,,,,,,,,,,,,"5,76","5,76","5,76",,"11,50","11,50","0,00","-0,16","0,00","1,66","0,68","0,85"
"All other financing activities, net excluding excess tax benefits related to stock-based compensation and proceeds from issuance of common stock",,,,,,,,,,,,,,,,,,,,,,,,,,,,,,,,,,,,,,,,,,,,"-1,08","-1,13","-1,22",,"-1,49","-1,09","-1,01","-0,19","-0,35","-0,44","-0,53","-1,87","-1,74","-1,53","-1,48","-1,67","-0,48","-0,50","-0,46","-2,12","-0,72","-0,93","-0,69","-0,29","1,63","0,77","0,38","3,03","6,25","3,87","-0,03"
Effect of exchange rate changes on cash and due from banks,"23,58","8,44","-12,87","1,75","-8,43","-5,67","1,87","-6,70","0,07","1,66","-16,64","-32,34","-18,83","-4,55","-11,51","-9,56","-5,90","-6,97","9,16","3,27","-0,69","-2,48","-0,18","-2,98","0,09","-1,05","-2,86","-2,51","-1,49","3,05","8,09","7,27","5,41","2,57","-1,48","0,02","0,03","0,10","-0,28","-0,08","0,05","-0,08","-1,13","-0,68","-0,04","-0,03","0,27","-0,07","-0,86","-0,89","1,16","0,25","0,11","1,53","-0,85","-0,02","0,66","0,36","0,33","0,47","-0,48","-0,34","0,24","0,25","-0,04","-0,29","-0,51","-0,36","0,27","0,37","0,42","0,20","-0,39","0,19"
Net decrease / increase in cash and due from banks,"-48,99","-43,41","-154,83","-189,89","-93,33","-62,04","56,92","-55,87","-72,11","-21,23","-173,60","-96,65","-71,57","13,70","213,23","232,26","177,81","183,46","263,98","223,89","230,10","103,90","-15,16","-22,20","-10,76","23,81","-152,51","-12,21","-26,12","-16,49","40,15","68,00","59,37","70,73","29,47","0,90","-0,78","-2,28","-7,34","-6,57","-3,74","-5,01","-11,94","-14,40","-12,25","-13,45","-13,95","-23,06","-24,51","-8,20","-5,88","-6,26","-14,74","-4,22","32,04","29,20","2,90","-4,10","1,36","-2,25","6,60","5,22","-0,69","-5,83","-1,76","-0,21","-13,25","14,21","-7,89","6,74","-0,27","3,74","1,50","14,90"
Cash and due from banks at the beginning of the period,"469,32","469,32","624,15","624,15","624,15","624,15","567,23","567,23","567,23","567,23","740,83","740,83","740,83","740,83","527,61","527,61","527,61","527,61","263,63","263,63","263,63","263,63","278,79","278,79","278,79","278,79","431,30","431,30","431,30","431,30","391,15","391,15","391,15","391,15","361,68","20,49","20,49","20,49","27,83","27,83","27,83","27,83","39,77","39,77","39,77","39,77","53,72","53,72","53,72","53,72","59,60","59,60","59,60","59,60","27,57","27,57","27,57","27,57","26,21","26,21","26,21","26,21","26,90","26,90","26,90","26,90","40,14","40,14","40,14","40,14","40,41","36,67","35,17","20,27"
Cash and due from banks at the end of the period,"420,33","425,90","469,32","434,26","530,82","562,12","624,15","511,37","495,12","546,00","567,23","644,19","669,26","754,53","740,83","759,87","705,42","711,07","527,61","487,52","493,73","367,53","263,63","256,60","268,04","302,60","278,79","419,10","405,18","414,81","431,30","459,16","450,53","461,89","391,15","21,39","19,71","18,21","20,49","21,26","24,10","22,82","27,83","25,37","27,52","26,32","39,77","30,66","29,21","45,52","53,72","53,34","44,87","55,38","59,60","56,77","30,47","23,47","27,57","23,96","32,81","31,42","26,21","21,07","25,13","26,68","26,90","54,35","32,26","46,89","40,14","40,41","36,67","35,17"
Supplemental disclosure,,,,,,,,,,,,,,,,,,,,,,,,,,,,,,,,,,,,,,,,,,,,,,,,,,,,,,,,,,,,,,,,,,,,,,,,,,
Cash interest paid,"-47,94","-23,59","-99,64","-74,79","-48,53","-22,86","-77,11","-55,78","-35,25","-15,29","-23,14","-11,08","-4,46","-1,09","-5,14","-3,88","-2,46","-1,13","-13,08","-11,58","-9,24","-4,37","-29,92","-20,79","-13,79","-7,34","-21,15","-15,14","-9,15","-4,43","-14,15","-10,29","-6,32","3,20","-9,51","-6,92","-4,28","-2,13","-7,22","-5,62","-3,30","-1,60","-8,19","-6,01","-4,01","-1,09","-9,57","-7,28","-4,74","-2,76","-11,16","-8,78","-5,81","-3,05","-13,73","-10,75","-7,54","-3,62","-12,40","-8,97","-6,36","-2,85","-16,88","-11,76","-8,46","-5,53","-37,27","-27,55","-19,46","-10,00","-43,47","-36,42","-24,58","-13,38"
"Cash income taxes paid / refunded, net","-4,69","-1,65","-11,72","-8,87","-7,61","-1,59","-9,91","-5,54","-5,47","-1,38","-4,36","-0,23","-3,10","-0,71","-18,74","-17,62","-13,72","-0,71","-8,14","-6,52","-4,14","-0,76","-6,22","-3,48","-2,89","-0,53","-3,54","-2,20","-3,91","-0,43","-4,33","-3,24","-1,74","-0,36","-2,41","-1,81","-1,26","-0,45","-9,42","-6,87","-5,83","-0,61","-1,39","-0,45","0,74","-0,27","-3,50","-3,02","-2,68","-0,35","-2,05","-1,55","-0,84","0,47","-8,15","-5,77","-4,75","-0,72","-9,75","-8,41","-5,36","-2,23","-5,43","-4,11","-3,84","-0,72","-2,28","-2,83","-2,26","-0,50","-7,47","-5,56","-4,76","-1,48"
All figures in billions of U.S. Dollar.,,,,,,,,,,,,,,,,,,,,,,,,,,,,,,,,,,,,,,,,,,,,,,,,,,,,,,,,,,,,,,,,,,,,,,,,,,