,30 SEP '25,30 JUN '25,31 MAR '25,31 DEC '24,30 SEP '24,30 JUN '24,31 MAR '24,31 DEC '23,30 SEP '23,30 JUN '23,31 MAR '23,31 DEC '22,30 SEP '22,30 JUN '22,31 MAR '22,31 DEC '21,30 SEP '21,30 JUN '21,31 MAR '21,31 DEC '20,30 SEP '20,30 JUN '20,31 MAR '20,31 DEC '19,30 SEP '19,30 JUN '19,31 MAR '19,31 DEC '18,30 SEP '18,30 JUN '18,31 MAR '18,31 DEC '17,30 SEP '17,30 JUN '17,31 MAR '17,31 DEC '16,30 SEP '16,30 JUN '16,31 MAR '16,31 DEC '15,30 SEP '15,30 JUN '15,31 MAR '15,31 DEC '14,30 SEP '14,30 JUN '14,31 MAR '14,31 DEC '13,30 SEP '13,30 JUN '13,31 MAR '13,31 DEC '12,30 SEP '12,30 JUN '12,31 MAR '12,31 DEC '11,30 SEP '11,30 JUN '11,31 MAR '11,31 DEC '10,30 SEP '10,30 JUN '10,31 MAR '10,31 DEC '09,25 SEP '09,26 JUN '09,27 MAR '09,28 NOV '08,29 AUG '08,30 MAY '08,29 FEB '08,30 NOV '07,31 AUG '07,25 MAY '07,23 FEB '07,24 NOV '06,25 AUG '06,26 MAY '06,24 FEB '06,25 NOV '05,26 AUG '05,26 NOV '04
,,,,,RECAP,RECAP,RECAP,RECAP,RECAP,RECAP,RECAP,RECAP,RECAP,RECAP,RECAP,RECAP,RECAP,RECAP,RECAP,RECAP,RECAP,RECAP,RECAP,RECAP,RECAP,RECAP,RECAP,RECAP,RECAP,RECAP,RECAP,RECAP,RECAP,RECAP,RECAP,RECAP,RECAP,RECAP,RECAP,RECAP,RECAP,RECAP,RECAP,RECAP,RECAP,RECAP,RECAP,RECAP,RECAP,RECAP,RECAP,RECAP,RECAP,RECAP,RECAP,RECAP,RECAP,RECAP,RECAP,RECAP,RECAP,RECAP,RECAP,RECAP,RECAP,RECAP,RECAP,RECAP,RECAP,RECAP,RECAP,RECAP,RECAP,RECAP,RECAP,RECAP,RECAP,RECAP,RECAP,RECAP,RECAP,RECAP
Net cash provided by / used for operating activities,-28.878,-31.558,-37.230,-13.212,-59.978,-21.918,-28.038,-12.587,15.771,41.305,9.404,8.708,41.870,25.860,-19.534,6.298,-23.976,15.284,-5.183,-18.535,-29.742,-64.678,-53.031,23.868,-25.963,-35.737,-44.368,16.564,2.320,7.634,-964,-20.489,-11.384,-14.097,-3.389,6.494,2.965,7.542,-2.542,9.481,166,-1.104,6.736,-7.932,-12.591,-3.692,-4.221,4.543,2.263,5.634,-5.698,12.879,12.029,10.239,3.776,22.501,2.430,12.655,1.900,-5.357,3.125,2.449,-7.504,48.875,23.352,16.020,3.197,1.894,-9.004,-14.092,-23.149,-69.447,-64.229,-45.171,-16.235,-52.447,-49.390,-34.275,-19.643,-12.413,-12.964,-33.391
Net earnings / loss,12.559,8.461,4.738,14.276,10.165,7.175,4.132,8.516,6.508,4.450,3.234,11.261,9.935,6.866,3.939,21.635,17.700,12.322,6.836,9.459,4.953,1.586,1.213,8.466,6.549,4.672,2.251,10.459,7.921,5.397,2.832,4.286,6.214,4.086,2.255,7.398,5.051,2.957,1.135,6.083,5.318,3.892,2.844,8.477,6.311,4.070,2.033,8.040,5.708,4.191,2.260,7.475,4.583,3.071,2.109,4.442,3.429,3.822,2.735,8.354,5.967,4.069,3.456,13.385,8.437,5.249,1.814,2.322,4.443,3.598,1.511,11.599,8.384,5.530,3.197,9.537,6.385,4.791,2.479,5.626,3.994,4.553
Adjustments to reconcile net earnings / loss to net cash provided by / used for operating activities,-41.437,-40.019,-41.968,-27.488,-70.143,-29.093,-32.170,-21.103,9.263,36.855,6.170,-2.553,31.935,18.994,-23.473,-15.337,-41.676,2.962,-12.019,-27.994,-34.695,-66.264,-54.244,15.402,-32.512,-40.409,-46.619,6.105,-5.601,2.237,-3.796,-24.775,-17.598,-18.183,-5.644,-904,-2.086,4.585,-3.677,3.398,-5.152,-4.996,3.892,-16.409,-18.902,-7.762,-6.254,-3.497,-3.445,1.443,-7.958,5.404,7.446,7.168,1.667,18.059,-999,8.833,-835,-13.711,-2.842,-1.620,-10.960,35.490,14.915,10.771,1.383,-428,-13.447,-17.690,-24.660,-81.046,-72.613,-50.701,-19.432,-61.984,-55.775,-39.066,-22.122,-18.039,-16.958,-37.944
Depreciation and amortization,1.655,1.124,506,2.392,1.894,1.273,627,4.856,4.076,2.564,970,2.455,1.728,1.062,492,2.015,1.527,1.018,498,1.902,1.404,936,437,1.704,1.240,767,368,1.328,951,634,299,1.152,802,522,257,998,731,484,239,991,706,484,219,1.337,985,684,390,1.322,848,568,302,1.738,1.238,842,433,1.869,1.355,966,594,1.904,1.173,815,375,1.943,1.549,1.176,649,1.625,1.046,654,343,1.167,836,553,272,995,729,478,219,854,638,845
Depreciation and amortization excluding amortization of identifiable intangible assets,,,,,,,,,,,,,,,,,,,,,,,,,,,,,,,,,,,,,,,,,,,,,,,,,,,,,,,,,,,,,,,,,,,,,,,259,,636,416,204,749,547,365,175,689,511,720
Amortization of identifiable intangible assets,,,,,,,,,,,,,,,,,,,,,,,,,,,,,,,,,,,,,,,,,,,,,,,,,,,,,,,,,,,,,,,,,,,,,,,84,,200,137,68,246,182,113,44,165,127,125
Depreciation and amortization,,,,,,,,,,,,,,,,,,,,,,,,,,,,,,,,,,,,,,,,,,,,,,,,,,,,,,,,,,,,,,,,,,,,,,,,,,,,,,,,,,
Deferred income taxes,-153,-202,154,-800,-653,-451,60,-1.360,-744,,76,-2.412,,,,5,,,,-833,,,,-334,,,,-2.645,,,,5.458,,,,551,,,,425,,,,495,,,,29,,,,-356,,,,726,,,,1.339,,,,-431,,,,-1.763,,,,129,,,,-1.505,,,,-450,,1.040
Share-based compensation,3.187,2.950,2.417,2.663,2.559,2.439,1.844,2.085,2.008,1.780,1.541,4.083,3.811,3.511,3.128,2.348,2.141,1.961,1.759,1.920,1.737,1.580,1.395,2.018,1.852,1.695,1.503,1.831,1.671,1.505,1.329,1.769,1.610,1.452,1.272,2.111,1.943,1.814,1.665,2.272,2.107,1.972,1.809,2.085,1.931,1.775,1.611,2.015,1.821,1.669,1.509,1.319,1.088,890,643,2.849,2.431,1.985,1.512,4.035,3.539,2.594,2.160,2.009,1.345,907,468,1.611,1.195,894,480,4.465,1.038,713,362,3.654,921,624,343,1.756,643,1.224
Gain on sale of hedge fund administration business,,,,,,,,,,,,,,,,,,,,,,,,,,,,,,,,,,,,,,,,,,,,,,,,,,,,-494,,,,0,,,,0,,,,,,,,,,,,,,,,,,,,,,
Gain on sale of European insurance business,,,,,,,,,,,,,,,,,,,,,,,,,,,,,,,,,,,,,,,,,,,,,,,,-211,,,,0,,,,0,,,,,,,,,,,,,,,,,,,,,,,,,,
Gain related to extinguishment of junior subordinated debt,,,,,,,,,,,,,,,,,,,,-1,-1,-1,-1,-20,0,0,0,-160,-160,,,-114,-108,-108,,3,0,0,,-34,-34,-34,-34,-289,-270,0,0,0,0,,,0,,,,,,,,,,,,,,,,,,,,,,,,,,,,,,
Provision for credit losses,1.010,671,287,1.348,997,600,318,1.028,451,444,-171,2.715,1.743,1.228,561,357,13,-162,-70,3.098,2.805,2.527,937,1.065,729,438,224,674,452,278,44,657,,,,182,,,,,,,,,,,,,,,,,,,,,,,,,,,,,,,,,,,,,,,,,,,,,,
Changes in operating assets and liabilities,-47.136,-44.562,-45.332,-33.091,-74.940,-32.954,-35.019,-27.712,3.472,32.067,3.754,-9.394,24.653,13.193,-27.654,-20.062,-45.357,145,-14.206,-34.080,-40.640,-71.306,-57.012,10.969,-36.333,-43.309,-48.714,5.077,-8.515,-180,-5.468,-33.697,-19.902,-20.049,-7.173,-4.749,-4.760,2.287,-5.581,-256,-7.931,-7.418,1.898,-20.037,-21.548,-10.221,-8.255,-6.652,-6.114,-794,-9.769,3.197,5.120,5.436,591,12.615,-4.785,5.882,-2.941,-20.989,-7.554,-5.029,-13.495,31.969,12.021,8.688,266,-1.901,-15.688,-19.238,-25.483,-86.807,-74.487,-51.967,-20.066,-65.128,-57.425,-40.168,-22.684,-20.199,-18.239,-41.053
Cash and securities segregated for regulatory and other purposes,,,,,,,,,,,,,,,,,,,,,,,,,,,,,,,,,,,,,,,,,-6.452,16.376,9.393,,5.480,9.003,-10.509,-143,-4.346,-2.399,8.527,10.817,10.616,7.579,11.165,-10.532,-23.691,-7.759,219,-17.094,-15.553,-19.748,-6.378,76.531,69.748,58.895,43.126,12.995,20.715,35.265,15.650,-39.079,-16.767,2.643,2.664,-21.044,-16.364,-10.786,-1.009,-3.226,1.687,-18.437
"Receivables and payables (excluding loans receivable), net",-10.576,-11.708,-907,-8.367,7.543,2.327,-1.807,-28.219,-14.042,-26.016,-4.930,35.014,21.453,25.150,26.755,21.971,11.010,7.272,-9.722,-30.895,-24.045,-7.490,-7.961,-7.693,3.083,-229,3.991,6.416,13.043,10.355,-10.479,-26.981,-8.650,-14.527,-6.658,-14.723,-13.524,738,19,19.132,4.524,-7.825,5.733,12.328,12.952,6.772,24.591,-3.682,5.817,10.066,3.017,-20.499,3.484,12.842,4.619,10.103,16.402,714,-9.103,-4.436,-5.063,1.927,-3.333,-41.149,-41.871,-35.071,-9.739,-6.637,84.064,53.431,34.992,50.046,20.645,-30.070,-20.629,8.029,11.050,-866,-7.682,4.275,-902,35.893
"Net receivables from brokers, dealers and clearing organizations",,,,,,,,,,,,,,,,,,,,,,,,,,,,,,,,,,,,,,,,,,,,,,,,,,,,,1.617,3.559,-2.671,-3.780,-9.839,-3.170,568,201,-5.061,-1.336,-1.540,6.265,4.001,2.715,8.140,-6.587,1.820,-1.485,-7.234,-3.811,-2.076,-1.165,390,-1.794,-3.009,-7.634,-2.400,1.322,-1.321,-776
Net payables to customers and counterparties,,,,,,,,,,,,,,,,,,,,,,,,,,,,,,,,,,,,,,,,,,,,,,,,,,,,,1.867,9.283,7.290,13.883,26.241,3.884,-9.671,-4.637,-2,3.263,-1.793,-47.414,-45.872,-37.786,-17.879,-50,82.244,54.916,42.226,53.857,22.721,-28.905,-21.019,9.823,14.059,6.768,-5.282,2.953,419,36.669
"Collateralized transactions (excluding other secured financings), net",-27.821,-34.073,-48.685,68.582,19.644,11.682,-236,160.227,166.067,155.765,111.460,-100.996,-3.872,-64.450,-72.986,-70.058,-88.832,-58.500,-57.349,-13.007,-21.080,-79.763,-55.249,94.991,28.039,-7.683,-13.215,28.147,15.942,23.673,14.304,10.025,20.842,23.971,15.692,78,4.864,-19.350,-26.632,-14.825,-12.902,-11.818,7.546,-52.793,-52.273,-14.645,-25.911,-51.669,-75.448,-56.114,-61.821,76.558,36.661,4.476,515,9.062,-12.089,13.271,12.490,9.546,-9.056,-7.748,-10.201,-139.774,-168.928,-152.736,-168.200,-45.945,-121.535,-104.696,-39.390,-44.810,-31.914,1.225,27.611,-22.841,-35.545,-8.422,-3.268,29.492,1.621,-37.014
"Securities borrowed, net of securities loaned",,,,,,,,,,,,,,,,,,,,,,,,,,,,,,,,,,,,,,,,,,,,,,,,,,,,,-5.451,-11.909,-14.813,8.940,6.859,-5.904,-16.901,19.638,2.704,-4.296,-13.269,7.033,-22.485,-16.490,-27.552,85.054,-24.463,-15.196,-19.127,-51.655,-46.307,-8.636,-17.802,-28.666,-15.312,-2.980,-8.645,-32.777,-34.851,-24.102
"Securities sold under agreements to repurchase, net of securities purchased under agreements to resell and federal funds sold",,,,,,,,,,,,,,,,,,,,,,,,,,,,,,,,,,,,,,,,,,,,,,,,,,,,,42.112,16.385,15.328,122,-18.948,19.175,29.391,-10.092,-11.760,-3.452,3.068,-146.807,-146.443,-136.246,-140.648,-130.999,-97.072,-89.500,-20.263,6.845,14.393,9.861,45.413,5.825,-20.233,-5.442,5.377,62.269,36.472,-12.912
"Financial instruments owned, at fair value",-66.888,-47.625,-21.266,-86.991,-112.931,-43.874,-30.120,-163.807,-146.672,-94.533,-100.066,45.278,-39.764,-18.694,-28.163,15.232,-1.815,17.387,15.373,-33.405,-50.937,-38.234,-20.580,-68.682,-67.507,-33.305,-26.494,-23.652,-36.747,-31.730,-19.708,-9.586,-35.261,-31.864,-13.657,13.662,5.762,17.274,11.480,16.078,18.366,7.140,-13.266,25.881,13.228,-4.531,6.645,51.079,65.520,36.071,20.028,-48.783,-47.787,-22.954,-22.023,5.085,-2.961,-9.966,-14.701,-9.231,3.516,16.823,6.986,186.295,177.292,172.389,180.563,97.723,37.946,28.881,-46.347,-118.864,-92.725,-48.688,-36.953,-48.479,-31.535,-36.270,-14.878,-66.899,-40.673,-52.366
"Financial instruments sold, but not yet purchased, at fair value",58.129,49.794,29.640,-212,13.100,-1.585,800,5.751,1.654,1.988,2.172,8.062,48.411,72.486,50.794,26.616,50.065,45.064,46.777,44.892,53.306,53.472,27.523,-231,7.588,2.282,-7.888,-3.670,857,645,12.165,-5.296,-2.430,472,-1.216,1.960,-29,7.766,11.697,-16.835,-6.753,-7.779,726,4.642,4.580,-3.279,3.046,933,5.011,18.792,27.227,-18.867,-831,4.996,6.304,4.243,21.367,8.919,10.278,11.602,26.102,18.145,11.056,-57.010,-35.646,-38.731,-38.810,-39.051,-28.582,-32.154,15.037,57.938,39.345,20.829,10.676,6.384,7.136,10.380,4.466,16.974,17.241,29.429
"Loans held for sale, net",-629,-1.261,-501,537,450,270,-301,1.635,48,368,1.236,3.161,2.041,3.044,2.702,-5.556,-1.780,435,-656,1.820,2.264,2.026,2.624,-1.458,-696,-181,652,442,,,,-2.385,,,,,,,,,,,,,,,,,,,,,,,,,,,,,,,,,,,,,,,,,,,,,,,,,,
"Other, net",649,311,-3.613,-6.640,-2.746,-1.774,-3.355,-3.299,-3.583,-5.505,-6.118,87,-3.616,-4.343,-6.756,-8.267,-14.005,-11.513,-8.629,-3.485,-148,-1.317,-3.369,-5.958,-6.840,-4.193,-5.760,-2.606,-1.610,-3.123,-1.750,526,5.597,1.899,-1.334,-5.726,-1.833,-4.141,-2.145,-3.806,-4.714,-3.512,-8.234,-10.095,-5.515,-3.541,-6.117,-3.170,-2.668,-7.210,-6.747,3.971,2.977,-1.503,11,-5.346,-3.813,703,-2.124,-11.376,-7.500,-14.428,-11.625,7.076,11.426,3.942,-6.674,-20.986,-8.296,35,-5.425,7.962,6.929,2.094,-3.435,12.823,7.833,5.796,-313,-815,2.787,1.442
"Other, net excluding deferred income taxes",,,,,,,,,-3.583,-5.148,,,,,,,,,,,,,,,,,,,,,,,,,,,,,,,,,,,,,,,,,,,,,,,,,,,,,,,,,,,,,,,,,,,,,,,,
Deferred income taxes,,,,,,,,,,-357,,,,,,,,,,,,,,,,,,,,,,,,,,,,,,,,,,,,,,,,,,,,,,,,,,,,,,,,,,,,,,,,,,,,,,,,
Net cash used for / provided by investing activities,-39.194,-34.081,-22.747,-49.624,-42.509,-13.223,-7.980,-17.312,-13.970,-5.937,-1.978,-75.960,-69.668,-55.509,-17.021,-30.465,-16.527,-11.708,-2.487,-34.356,-25.433,-28.429,-32.336,-24.236,-20.916,-1.332,-2.139,-18.820,-16.835,-12.803,-9.213,-26.377,-17.829,-6.706,-1.547,9.675,11.302,12.815,-3.140,-18.574,-14.747,-11.416,-4.263,-14.909,-10.591,-6.813,-3.203,-8.728,-5.815,-1.660,-953,-3.734,-3.628,-2.515,-478,629,988,449,112,-985,-777,-690,-966,-1.561,-1.300,-772,-913,-4.337,-4.007,-3.563,-2.953,396,-77,-1.386,-408,-9.748,-3.363,-406,-920,-1.064,-927,-1.084
"Purchase of property, leasehold improvements and equipment",-1.533,-975,-499,-2.091,-1.505,-1.039,-497,-2.316,-1.770,-1.263,-597,-3.748,-2.994,-2.004,-953,-4.667,-3.548,-2.665,-1.312,-6.309,-4.906,-3.908,-2.843,-8.443,-6.397,-4.168,-2.128,-7.982,-5.947,-3.751,-1.563,-3.184,-2.209,-1.520,-838,-2.865,-2.063,-1.242,-573,-1.833,-1.205,-698,-302,-678,-508,-353,-164,-706,-498,-329,-171,-961,-707,-542,-390,-1.184,-979,-520,-277,-1.227,-899,-452,-278,-1.556,-1.077,-653,-278,-2.027,-1.529,-1.033,-403,-2.130,-1.483,-1.029,-580,-1.744,-1.785,-1.183,-674,-1.421,-1.025,-829
"Proceeds from sales of property, leasehold improvements and equipment",504,392,145,1.613,1.152,847,399,3.278,1.151,662,417,2.706,1.272,939,428,3.933,3.111,735,192,2.970,1.272,822,397,6.632,4.561,3.485,2.266,3.711,2.486,1.946,1.007,574,436,202,77,381,332,282,210,228,120,49,13,30,17,10,5,62,57,33,17,49,38,28,13,78,53,33,9,72,63,49,28,82,52,50,28,121,70,55,42,93,55,15,12,69,175,149,24,639,621,0
Net cash acquired in / used for business acquisitions,1.536,0,0,3.622,3.622,3.622,3.622,487,-8,-8,0,-2.115,-2.113,-1.830,-13,0,0,0,0,-231,-226,,,-803,-803,-61,,-162,-146,-149,-68,-2.383,-1.848,-1.086,-512,14.922,15.754,15.882,-562,-1.808,-1.684,-1.583,-477,-1.732,-626,-449,-309,-2.274,-1.266,-446,-160,-593,-439,-355,-39,-431,-265,-247,-5,-804,-779,-753,-699,-221,-210,-208,-190,-2.613,-2.517,-2.199,-2.156,-1.900,-1.385,-631,-55,-1.661,-780,-563,-270,-556,-523,-255
Purchase of available-for-sale securities,-61.849,-53.101,-32.532,-60.852,-52.927,-27.736,-16.850,-9.185,,,,-3.753,,,,,,,,,,,,,,,,,,,,,,,,,,,,,,,,,,,,-738,-738,-738,-501,-5.220,-3.671,-1.988,-653,-2.752,-2.352,-1.122,-761,-1.885,-1.748,-1.248,-864,-2.722,-2.405,-1.904,-1.440,-3.851,-3.240,-2.556,-1.109,-872,-675,-450,-89,-12.922,-6.363,,,0,0,0
Proceeds from sales of available-for-sale securities,41.014,32.088,22.889,19.005,13.387,7.691,3.020,3.161,,,,2,,,,,,,,,,,,,,,,,,,,,,,,,,,,,,,,,,,,817,817,817,709,4.537,2.838,1.386,699,3.129,2.546,1.339,930,2.288,1.869,1.269,674,2.553,2.139,1.803,892,3.409,2.825,2.090,647,911,628,388,105,4.396,4.193,,,0,0,0
Proceeds from sales of investments,1,1,0,12.809,12.784,9.789,7.479,8.130,13.834,10.814,8.166,25,8.080,4.964,2.369,45.701,40.127,23.569,15.319,29.057,23.200,15.643,3.889,17.812,13.757,11.066,6.207,8.095,361,303,183,13.031,1.288,888,542,1.517,1.209,818,322,1.019,714,275,184,1.514,1.127,469,306,2.503,1.840,1.521,526,1.195,424,290,130,2.645,1.985,966,216,1.371,717,445,173,303,201,140,75,624,384,80,26,4.294,2.783,321,199,2.114,1.197,1.191,0,274,0,0
Purchases,-10.025,-5.819,-4.595,-23.018,-20.660,-13.433,-7.000,-26.238,,,,-50.099,,,,,,,,,,,,,,,,,,,,,,,,,,,,,,,,,,,,,,,,,,,,,,,,,,,,,,,,,,,,,,,,,,,,,,
Proceeds from paydowns and maturities,16.952,12.438,4.572,15.549,12.598,10.954,5.283,8.604,,,,3.671,,,,,,,,,,,,,,,,,,,,,,,,,,,,,,,,,,,,,,,,,,,,,,,,,,,,,,,,,,,,,,,,,,,,,,
Purchase of investments,-6.365,-4.419,-2.280,-8.226,-5.150,-3.498,-1.389,-4.833,-27.776,-17.036,-10.461,-6.684,-52.989,-36.502,-8.780,-39.912,-31.998,-19.716,-12.848,-48.670,-37.516,-28.287,-10.214,-29.773,-26.175,-8.457,-6.848,-9.418,-3.224,-3.200,-3.188,-17.381,-3.271,-728,0,0,0,0,,0,,,,,,,,,,,,,,,,,,,,,,,,,,,,,,,,,,,,,,,,,,
"Proceeds from sales, paydowns and maturities",6.581,4.466,2.523,9.010,6.261,4.121,1.882,6.953,,,,9.263,,,,,,,,,,,,,,,,,,,,,,,,,,,,,,,,,,,,,,,,,,,,,,,,,,,,,,,,,,,,,,,,,,,,,,
"Loans, net (excluding loans held for sale)",-26.010,-19.152,-12.970,-17.045,-12.071,-4.541,-3.929,-5.353,599,894,497,-25.228,-20.924,-21.076,-10.072,-35.520,-24.219,-13.631,-3.838,-11.173,-7.257,-12.699,-23.565,-9.661,-5.859,-3.197,-1.636,-13.064,-10.365,-7.952,-5.584,-17.034,-12.225,-4.462,-816,-4.280,-3.930,-2.925,-2.537,-16.180,-12.692,-9.459,-3.681,-14.043,-10.601,-6.490,-3.041,-8.392,-6.027,-2.518,-1.373,-2.741,-2.111,-1.334,-238,-856,,,,-800,,,,,,,,,,,,,,,,,,,,,,
Net cash provided by / used for financing activities,49.345,29.564,42.826,7.323,15.140,4.800,7.171,27.800,-216,-6.658,-20.544,59.602,69.178,67.557,53.101,134.738,96.491,80.871,42.983,70.380,74.830,92.160,57.310,3.367,10.426,-2.386,3.844,22.752,23.335,26.535,20.629,35.206,24.112,9.980,6.260,12.103,10.297,8.720,10.194,27.507,22.556,15.765,3.056,18.999,16.199,6.355,5.149,-7.351,-3.639,-4.245,-2.685,7.516,-770,-4.819,-2.168,-6.910,997,-7.459,883,7.839,-4.510,-7.449,-2.757,-22.828,-12.842,-6.876,19.328,7.901,14.889,18.679,26.435,73.390,70.668,48.273,17.237,64.094,52.555,32.142,16.873,19.373,16.421,31.753
"Unsecured short-term borrowings, net",3.243,3.927,2.932,934,4.263,3.869,6.274,2.050,246,884,3.648,321,2.451,8.436,7.085,2.137,1.342,7.513,3.788,7.707,6.567,5.449,2.915,14,1.137,512,381,2.337,3.638,1.954,2.875,-501,907,-28,-1.007,-1.506,140,839,1.970,-369,-1.228,-1.276,-921,1.659,1.417,1.077,921,1.336,135,622,-435,-1.952,-1.691,-1.300,-869,-3.780,-190,298,1.501,1.196,213,204,525,-9.790,-12.052,-10.965,-4.680,-19.295,-10.061,-7.286,879,12.262,12.548,8.736,1.652,-4.031,1.331,4.096,3.178,-5,,-699
"Other secured financings (short-term), net",-5.372,-7.026,-3.821,13.707,7.632,6.096,495,673,1.459,-119,4.230,-2.283,-1.415,92,1.659,-1.320,-635,2.992,2.555,2.861,1.629,4.250,16.307,-2.050,-2.705,-3.089,-2.690,586,3.831,3.623,2.728,-405,-1.757,-881,-1.771,-808,395,1.450,775,-867,-492,-1.117,-26,-837,417,1.141,423,-7.272,-6.415,-3.764,-4.824,1.540,-2.045,-5.232,-483,-1.195,2.657,-461,1.340,12.689,2.744,1.392,-312,-10.451,-8.820,-6.531,5.222,-8.727,-5.545,-8.341,2.384,2.780,9.355,12.731,241,16.856,10.146,1.959,760,2.238,,4.600
Proceeds from issuance of other secured financings (long-term),3.757,1.206,460,5.243,4.951,4.659,2.201,3.047,2.137,1.177,854,1.800,1.499,867,358,4.795,3.661,2.879,1.695,8.073,6.016,3.813,2.969,7.257,5.095,2.358,1.442,4.996,3.897,2.458,1.262,7.401,6.518,4.683,2.622,4.186,2.377,1.995,933,10.349,10.772,7.376,4.293,6.900,5.700,3.413,1.582,6.604,4.883,2.641,1.829,4.687,4.004,1.907,798,9.809,9.505,2.334,1.291,5.500,2.505,1.752,1.541,4.767,3.703,3.400,2.322,12.509,9.870,5.014,4.107,21.703,21.391,5.135,400,14.451,9.042,6.228,3.792,7.279,,7.584
"Repayment of other secured financings (long-term), including the current portion",-2.613,-1.275,-600,-2.036,-1.592,-783,-627,-3.570,-2.221,-1.632,-745,-3.407,-2.677,-1.931,-1.717,-6.590,-4.922,-1.500,-727,-4.137,-2.019,-997,-445,-7.468,-6.431,-3.129,-525,-9.482,-6.761,-4.691,-2.282,-4.726,-3.605,-3.151,-1.377,-7.375,-6.486,-3.849,-1.118,-6.502,-7.360,-5.247,-2.566,-7.636,-5.562,-4.840,-2.240,-3.630,-2.032,-1.466,-969,-11.576,-10.333,-5.496,-4.334,-8.878,-8.285,-5.363,-3.580,-4.849,-3.503,-2.528,-1.880,-6.667,-3.652,-2.850,-2.435,-20.653,-9.343,-3.648,-2.373,-7.355,-6.372,-2.104,-1.134,-7.420,-5.652,-4.327,-1.118,-5.941,,-754
"Purchase of APEX, senior guaranteed securities and trust preferred securities",,,,,,,,,,,,,,,,,,,,-11,-11,-11,-11,-206,-61,0,0,-35,-35,-35,-35,-237,-62,-62,0,-1.171,-1.171,-632,,-1,-1,-1,-1,-1.611,-1.429,-1.362,0,0,0,0,,0,,,,-3.857,-3.857,-3.857,,0,0,0,,-9.574,-9.574,-9.574,,0,0,0,,0,,,,,,,,,,
Proceeds from issuance of unsecured long-term borrowings,61.360,51.067,28.594,67.252,49.465,31.798,13.335,47.153,28.854,17.943,8.022,84.522,69.620,53.603,37.113,92.717,68.798,52.897,26.426,47.250,36.120,32.099,26.506,22.381,18.613,11.796,6.253,45.927,40.603,31.128,16.029,58.347,44.831,31.654,19.502,50.763,39.134,25.965,14.752,44.595,36.031,27.073,11.873,39.857,30.402,19.804,14.949,30.851,26.578,18.502,13.069,27.734,22.020,15.677,9.358,29.169,23.908,17.470,8.805,20.231,15.652,9.518,6.081,25.363,23.989,20.875,14.689,37.758,37.143,31.790,19.874,57.516,43.945,30.744,17.741,48.839,38.560,30.210,14.447,35.898,,31.699
"Repayment of unsecured long-term borrowings, including the current portion",-50.227,-36.197,-16.540,-74.519,-59.639,-39.783,-23.106,-54.066,-40.286,-30.594,-21.266,-42.806,-35.328,-23.781,-14.483,-52.608,-38.370,-23.136,-11.764,-55.040,-41.042,-28.704,-16.175,-43.936,-26.887,-17.830,-7.251,-37.243,-30.655,-20.045,-9.607,-30.748,-25.099,-19.335,-13.088,-36.556,-29.198,-22.612,-11.801,-29.520,-22.513,-17.256,-11.319,-28.138,-19.940,-15.320,-9.661,-30.473,-24.461,-18.152,-12.530,-36.435,-27.873,-22.062,-11.134,-29.187,-19.438,-13.686,-7.364,-22.607,-18.494,-13.458,-5.584,-29.018,-22.087,-16.805,-8.325,-25.579,-19.190,-11.751,-8.461,-14.823,-11.785,-8.193,-3.325,-13.510,-10.080,-6.622,-2.893,-16.399,,-9.444
Repurchase of common stock warrants,,,,,,,,,,,,,,,,,,,,,,,,,,,,,,,,,,,,,,,-505,,,,0,,,,,,,,,,,,,,,,,,,,,-1.100,-1.100,,,0,0,,,0,,,,,,,,,,
"Derivative contracts with a financing element, net",877,634,906,2.390,1.739,893,-13,3.280,2.145,1.016,636,1.797,1.749,1.336,953,1.121,477,302,303,1.037,1.022,249,134,3.952,2.710,2.613,2.586,2.294,938,702,189,1.684,1.684,1.002,912,2.115,81,27,16,-47,-89,-96,-46,643,550,574,19,874,829,761,380,1.696,1.145,964,208,1.602,661,244,210,1.222,865,536,110,2.168,2.130,1.815,670,781,73,155,-420,4.814,3.887,2.145,1.495,3.494,3.195,2.267,620,1.060,823,548
"Deposits, net",51.832,27.244,36.332,5.894,15.152,4.672,12.146,39.723,15.870,10.974,-11.442,28.074,39.174,32.806,24.606,103.538,74.612,46.334,26.522,67.343,70.654,79.525,28.381,31.214,23.931,7.621,5.594,20.206,12.914,14.837,12.336,14.506,8.664,1.446,3.831,10.058,10.510,9.937,7.347,14.639,8.578,6.032,3.046,12.201,7.144,2.943,650,683,1.446,-729,2.562,24.015,15.417,11.211,4.765,7.540,3.230,435,158,-849,-974,-2.394,-987,7.288,10.301,9.327,12.374,12.273,13.681,14.148,11.591,4.673,3.389,2.233,2.197,10.697,7.950,0,,0,,
Preferred stock redemption,0,0,,-2.200,-700,-700,,-1.000,-1.000,0,,0,0,,,-2.675,-2.675,-2.675,-2.000,-350,-350,-350,-350,-1.100,-500,0,0,-650,-650,-650,-650,-850,0,0,0,0,,,,0,,,,,,,,,,,,,,,,,,,,,,,,,,,,,,,,,,,,,,,,,,
Common stock repurchased,-9.360,-7.360,-4.360,-8.000,-6.000,-5.000,-1.500,-5.796,-4.796,-3.296,-2.546,-3.500,-2.000,-1.000,-500,-5.200,-4.700,-3.700,-2.700,-1.928,-1.928,-1.928,-1.928,-5.335,-3.173,-2.500,-1.250,-3.294,-2.044,-800,-800,-6.772,-5.143,-2.969,-1.503,-6.078,-4.590,-3.294,-1.556,-4.135,-2.545,-1.495,-1.250,-5.469,-4.219,-2.969,-1.719,-6.175,-4.775,-3.125,-1.525,-4.640,-3.116,-1.866,-365,-6.048,-5.140,-2.980,-1.481,-4.183,-3.088,-2.269,-2.269,-2,-2,-2,-2,-2.034,-2.032,-1.761,-1.561,-8.956,-6.269,-3.820,-2.685,-7.817,-4.165,-3.592,-2.577,-7.108,-4.646,-1.805
Settlement of share-based awards in satisfaction of withholding tax requirements,-2.156,-2.146,-1.851,-1.331,-1.331,-1.326,-1.252,-1.345,-1.344,-1.339,-1.279,-1.595,-1.591,-1.568,-1.531,-985,-984,-970,-938,-830,-829,-820,-804,-745,-741,-733,-730,-1.118,-1.065,-1.049,-1.040,-2.223,-1.559,-1.507,-1.498,-1.128,-961,-902,-888,-1.204,,,,,,,,,,,,,,,,,,,,,,,,,,,,,,,,,,,,,,,,,,
"Dividends and dividend equivalents paid on common stock, preferred stock and share-based awards",-3.814,-2.338,-1.115,-4.497,-3.344,-2.175,-1.123,-4.189,-3.124,-2.025,-1.013,-3.682,-2.669,-1.672,-815,-2.725,-1.903,-1.111,-551,-2.336,-1.744,-1.164,-538,-2.104,-1.460,-910,-375,-1.810,-1.289,-907,-376,-1.769,-1.271,-876,-366,-1.706,-1.238,-860,-387,-1.681,-1.197,-804,-373,-1.454,-1.045,-691,-348,-1.302,-956,-631,-319,-1.086,-779,-493,-220,-2.771,-2.549,-2.326,-358,-1.443,-1.083,-722,-363,-2.205,-1.850,-1.495,-545,-850,-587,-393,-201,-831,-624,-419,-212,-754,-543,-340,-148,-511,-385,-497
Excess tax benefit related to share-based awards,,,,,,,,,,,,,,,,,,,,,,,,,,,,,,,,,,,,,,,,,388,366,275,782,706,550,520,98,90,71,63,130,84,76,70,358,353,346,333,352,297,271,243,135,85,38,11,614,619,582,552,817,674,632,559,464,349,306,181,0,0,0
Proceeds from issuance of common stock warrants,,,,,,,,,,,,,,,,,,,,,,,,,,,,,,,,,,,,,,,,,,,,,,,,,,,,,,,,,,,,,,,,,,,,1.633,,,,0,,,,0,,,,,,
"Repayment of long-term borrowings, including the current portion of long-term borrowings",,,,,,,,,,,,,,,,,,,,,,,,,,,,,,,,,,,,,,,,,,,,,,,,,,,,,,,,,,,,,,,,,,,,,,,,,,,,,,,,,-16.806,
"Short-term borrowings, net",,,,,,,,,,,,,,,,,,,,,,,,,,,,,,,,,,,,,,,,,,,,,,,,,,,,,,,,,,,,,,,,,,,,,,,,,,,,,,,,,172,
"Proceeds from issuance of preferred stock, net of issuance costs",1.895,1.895,1.895,4.239,4.239,2.244,0,1.496,1.496,0,,0,0,,,2.172,1.423,675,,349,349,349,349,1.098,499,499,0,0,0,0,,1.495,,,,1.303,1.303,655,655,1.993,1.993,1.993,0,1.980,1.980,1.980,,991,991,991,,3.087,2.250,1.750,,0,0,0,,0,,,,,,,,13.366,,,,0,,,,1.349,1.349,849,,1.719,856,0
"Proceeds from issuance of common stock, including exercise of share-based awards",,,,,,,,,,,,,,,,,,,,,,,,,,,,38,13,10,,7,7,7,6,6,1,1,1,259,220,218,71,123,79,56,54,65,49,34,14,317,148,46,39,368,182,123,63,581,357,250,138,6.260,6.089,5.893,27,6.105,261,170,64,791,530,453,308,1.613,1.200,1.125,644,1.143,738,521
Cash settlement of share-based awards,,,,,,,,,,,,,,,,,,,,,,,,,,,,,,,,-3,-3,-3,-3,0,0,0,0,-2,-1,-1,,-1,-1,-1,-1,-1,-1,0,0,-1,-1,-1,-1,-40,-40,-36,-35,-1,-1,-1,0,-2,-2,-2,,0,0,0,,-1,-1,,,-137,-127,-17,-13,0,,0
Issuance of long-term borrowings,,,,,,,,,,,,,,,,,,,,,,,,,,,,,,,,,,,,,,,,,,,,,,,,,,,,,,,,,,,,,,,,,,,,,,,,,,,,,,,,,35.669,
"Other financing, net",-77,-67,-6,247,305,336,341,344,348,353,357,361,365,369,373,361,367,371,374,392,396,400,0,395,399,406,409,0,0,0,0,0,,,,,,,,,,,,,,,,,,,,,,,,,,,,,,,,,,,,,,,,,,,,,,,,,,
Effect of exchange rate changes on cash and cash equivalents,6.212,6.950,2.467,-3.972,459,-4.910,-3.345,1.851,-3.531,396,620,-11.561,-18.165,-10.338,-3.418,-5.377,,,,4.807,,,,,,,,,,,,,,,,,,,,,,,,,,,,,,,,,,,,,,,,,,,,,,,,,,,,,,,,,,,,,,
Net increase / decrease in cash and cash equivalents,-12.515,-29.125,-14.684,-59.485,-86.888,-35.251,-32.192,-248,-1.946,29.106,-12.498,-19.211,23.215,27.570,13.128,105.194,55.988,84.447,35.313,22.296,19.655,-947,-28.057,2.999,-36.453,-39.455,-42.663,20.496,8.820,21.366,10.452,-11.660,-5.101,-10.823,1.324,28.272,24.564,29.077,4.512,18.414,7.975,3.245,5.529,-3.842,-6.983,-4.150,-2.275,-11.536,-7.191,-271,-9.336,16.661,7.631,2.905,1.130,16.220,4.415,5.645,2.895,1.497,-2.162,-5.690,-11.227,24.486,9.210,8.372,21.612,5.458,1.878,1.024,333,4.339,6.362,1.716,594,1.899,-198,-2.539,-3.690,5.896,2.530,-2.722
"Cash and cash equivalents, beginning of period",182.092,182.092,182.092,241.577,241.577,241.577,241.577,241.825,241.825,241.825,241.825,261.036,261.036,261.036,261.036,155.842,155.842,155.842,155.842,133.546,133.546,133.546,133.546,130.547,130.547,130.547,130.547,110.051,110.051,110.051,110.051,121.711,121.711,121.711,121.711,93.439,93.439,93.439,93.439,75.025,57.600,57.600,57.600,78.867,61.133,61.133,61.133,72.669,72.669,72.669,72.669,56.008,56.008,56.008,56.008,39.788,39.788,39.788,39.788,38.291,38.291,38.291,38.291,13.805,13.805,13.805,13.805,10.282,10.282,10.282,10.282,5.943,6.293,6.293,6.293,4.044,10.261,10.261,10.261,4.365,4.365,7.087
"Cash and cash equivalents, end of period",169.577,152.967,167.408,182.092,154.689,206.326,209.385,241.577,239.879,270.931,229.327,241.825,284.251,288.606,274.164,261.036,211.830,240.289,191.155,155.842,153.201,132.599,105.489,133.546,94.094,91.092,87.884,130.547,118.871,131.417,120.503,110.051,116.610,110.888,123.035,121.711,118.003,122.516,97.951,93.439,65.575,60.845,63.129,75.025,54.150,56.983,58.858,61.133,65.478,72.398,63.333,72.669,63.639,58.913,57.138,56.008,44.203,45.433,42.683,39.788,36.129,32.601,27.064,38.291,23.015,22.177,35.417,15.740,12.160,11.306,10.615,10.282,12.655,8.009,6.887,5.943,10.063,7.722,6.571,10.261,6.895,4.365
Supplemental disclosure,,,,,,,,,,,,,,,,,,,,,,,,,,,,,,,,,,,,,,,,,,,,,,,,,,,,,,,,,,,,,,,,,,,,,,,,,,,,,,,,,,
"Cash payments for interest, net of capitalized interest",-49.816,-32.958,-15.954,-72.623,-54.521,-35.385,-17.139,-60.026,-43.186,-27.577,-13.082,-19.022,-9.882,-3.738,-1.299,-5.521,4.394,-3.023,-1.896,-9.091,-7.648,-5.855,-4.041,-18.645,-14.132,-8.952,-4.372,-16.721,-12.125,-7.618,-3.554,-11.174,-12.110,-6.280,-2.310,-7.140,-5.400,-3.470,-2.250,-4.820,-4.090,-2.510,-1.770,-6.430,-5.450,-3.260,-2.260,-5.690,-4.680,-3.330,-1.960,-9.250,-7.870,-5.720,-4.040,-8.050,-6.110,-4.020,-2.710,-6.740,-5.350,-3.750,-2.010,-7.320,-6.050,-4.580,-3.420,-32.370,-26.130,-18.680,-10.640,-40.740,-30.470,-18.880,-9.510,-30.980,-22.560,-14.030,-7.110,-17.490,,-8.550
"Cash payments for income taxes, net of refunds",-2.938,-2.357,-636,-3.673,-2.810,-2.064,-525,-2.389,-1.815,-1.516,-459,-4.555,-3.046,-1.600,-435,-6.195,4.769,-3.299,555,-2.754,-1.904,-773,474,-1.266,-946,-567,-109,-1.271,-933,-547,-326,-1.425,-671,-464,-257,-1.060,-767,-400,-266,-2.650,-2.200,-1.910,-451,-3.050,-2.510,-2.060,-1.400,-4.070,-3.810,-2.610,-464,-1.880,-1.090,-671,-29,-1.780,-1.640,-1.790,-296,-4.480,-3.090,-2.770,-778,-4.780,-3.600,-1.810,-256,-3.470,-2.460,-1.390,-670,-5.780,-4.450,-3.630,-1.510,-4.560,-2.850,-1.630,-659,-2.470,,-1.020
Non-cash activities,,,,,,,,,,,,,,,,,,,,,,,,,,,,,,,,,,,,,,,,,,,,,,,,,,,,,,,,,,,,,,,,,,,,,,,,,,,,,,,,,,
The firm received loans receivable in connection with the securitization of financial instruments owned and held for sale loans included in receivables from customers and counterparties,,,,,,,,,,,,,,,,,,,,,,,,,,,,,,,,,"245,0","226,0","0,0","389,0",,,,,,,,,,,,,,,,,,,,,,,,,,,,,,,,,,,,,,,,,,,,,,
The firm received held-to-maturity securities in connection with the securitization of financial instruments owned and held for sale loans included in receivables from customers and counterparties,,,,,,,,,,,,,,,,,,,,,,,,,,,,,,,,,"16,0","0,0","0,0","112,0",,,,,,,,,,,,,,,,,,,,,,,,,,,,,,,,,,,,,,,,,,,,,,
Trust preferred securities and common beneficial interests held by the firm exchanged with the firm's junior subordinated debt held by the issuing trust,,,,,,,,,,,,,,,,,,,,,,,,,,,,,,,,,"62,0","62,0","0,0","0,0","0,0","0,0",,"262,0","262,0",,,"0,0","296,0",,,"0,0",,,,,,,,,,,,,,,,,,,,,,,,,,,,,,,,,,
Firm's junior subordinated debt held by the trusts exchanged for trust preferred securities and common beneficial interests held by the firm,,,,,,,,,,,,,,,,,,,,,,,,,,,,,,,,,"67,0","67,0","0,0","0,0","0,0","0,0",,"296,0","296,0",,,"0,0",,,,"0,0",,,,,,,,,,,,,,,,,,,,,,,,,,,,,,,,,,
Impact of adoption of accounting standards,,,,,,,,,,,,,,,,,,,,,,,,,,,,,,,,,,,,"200,0","200,0","200,0","200,0","0,0","0,0",,,"0,0",,,,,,,,,,,,,,,,,,,,,,,,,,,,,,,,,,,,,,
Sold assets previously classified as held for sale exchanged for financial instruments,,,,,,,,,,,,,,,,,,,,,,,,,,,,,,,,,,,,"1.810,0","1.810,0","1.810,0","1.810,0","0,0","0,0","697,0","697,0","0,0",,,,,,,,,,,,,,,,,,,,,,,,,,,,,,,,,,,,,,
Sold liabilities previously classified as held for sale exchanged for financial instruments,,,,,,,,,,,,,,,,,,,,,,,,,,,,,,,,,,,,"697,0","697,0","697,0","697,0","0,0","0,0",,,"0,0",,,,,,,,,,,,,,,,,,,,,,,,,,,,,,,,,,,,,,
Financial instruments received in exchange for sold assets and liabilities previously classified as held for sale,,,,,,,,,,,,,,,,,,,,,,,,,,,,,,,,,,,,"1.110,0","1.110,0","1.110,0","1.110,0","0,0","0,0",,,"0,0",,,,,,,,,,,,,,,,,,,,,,,,,,,,,,,,,,,,,,
"APEX exchanged, fair value",,,,,,,,,,,,,,,,,,,,,,,,,,,,,,,,,,,,"1.040,0","1.040,0","505,0","505,0","0,0","0,0","666,0","666,0","0,0",,,,,,,,,,,,,,,,,,,,,,,,,,,,,,,,,,,,,,
"Supplemental cash flow information, repurchase of common stock",,,,,,,,,,,,,,,,,,,,,,,,,,,,,,,,,,,,,,,,,,,,,,,,"0,0",,,,,,,,,,,,,,,,,,,,,,,,,,,,,,,,,,
"Series E and Series F preferred stock cancelled, net carrying value",,,,,,,,,,,,,,,,,,,,,,,,,,,,,,,,,,,,"1.310,0","1.310,0","666,0","666,0","0,0","0,0",,,"0,0",,,,,,,,,,,,,,,,,,,,,,,,,,,,,,,,,,,,,,
"Trust preferred securities, common beneficial interests and senior guaranteed trust securities held by the firm exchanged with the firm's junior subordinated debt held by the issuing trusts",,,,,,,,,,,,,,,,,,,,,,,,,,,,,,,,,,,,,,,,,,"262,0",,"1.580,0","1.860,0","296,0","296,0","0,0",,,,,,,,,"103,0",,,,,,,,,,,,,,,,,,,,,,,,,
"Trust securities, senior guaranteed trust securities exchanged with the firm's junior subordinated debt",,,,,,,,,,,,,,,,,,,,,,,,,,,,,,,,,,,,"127,0",,,,"0,0",,,,"0,0",,"175,0",,,,,,,,,,,,,,,,,,,,,,,,,,,,,,,,,,,,
Dividends paid on common and preferred stock,,,,,,,,,,,,,,,,,,,,,,,,,,,,,,,,,,,"23,0","124,0",,,,"0,0",,,,"0,0",,,,,,,,,,,,,,,,,,,,,,,,,,,,,,,,,,,,,,
"Firm's junior subordinated debt held by the trusts exchanged for trust preferred securities, common beneficial interests and senior guaranteed trust securities held by the firm",,,,,,,,,,,,,,,,,,,,,,,,,,,,,,,,,,,,,,,,,,,,"1.870,0",,,,"0,0",,,,,,,,"2.090,0","2.090,0",,,"90,0","90,0",,"90,0","16,0","16,0","16,0","16,0","790,0","610,0","610,0","534,0","409,0","137,0","135,0","17,0","498,0","352,0","190,0",,"1.150,0",,"1.630,0"
Non-cash increase to loans receivable due to seller financing provided for the sale of certain consolidated investments,,,,,,,,,,,,,,,,,,,,,,,,,,,,,,,,,,,,,,,,,,,,"115,0",,,,"0,0",,,,,,,,,,,,,,,,,,,,,,,,,,,,,,,,,,
All figures in millions of U.S. Dollar.,,,,,,,,,,,,,,,,,,,,,,,,,,,,,,,,,,,,,,,,,,,,,,,,,,,,,,,,,,,,,,,,,,,,,,,,,,,,,,,,,,