,30 SEP '25,30 JUN '25,31 MAR '25,31 DEC '24,30 SEP '24,30 JUN '24,31 MAR '24,31 DEC '23,30 SEP '23,30 JUN '23,31 MAR '23,31 DEC '22,30 SEP '22,30 JUN '22,31 MAR '22,31 DEC '21,30 SEP '21,30 JUN '21,31 MAR '21,31 DEC '20,30 SEP '20,30 JUN '20,31 MAR '20,31 DEC '19,30 SEP '19,30 JUN '19,31 MAR '19,31 DEC '18,30 SEP '18,30 JUN '18,31 MAR '18,31 DEC '17,30 SEP '17,30 JUN '17,31 MAR '17,31 DEC '16,30 SEP '16,30 JUN '16,31 MAR '16,31 DEC '15,30 SEP '15,30 JUN '15,31 MAR '15,31 DEC '14,30 SEP '14,30 JUN '14,31 MAR '14,31 DEC '13,30 SEP '13,30 JUN '13,31 MAR '13,31 DEC '12,30 SEP '12,30 JUN '12,31 MAR '12,31 DEC '11,30 SEP '11,30 JUN '11,31 MAR '11,31 DEC '10,30 SEP '10,30 JUN '10,31 MAR '10,31 DEC '09,30 SEP '09,30 JUN '09,31 MAR '09,31 DEC '08,30 NOV '08,30 SEP '08,31 AUG '08,30 JUN '08,31 MAY '08,31 MAR '08,29 FEB '08,30 NOV '07,31 AUG '07,31 MAY '07,28 FEB '07,31 AUG '06,31 MAY '06,28 FEB '06
,,,,PRELIM,RECAP,RECAP,RECAP,PRELIM,RECAP,RECAP,RECAP,PRELIM,RECAP,RECAP,RECAP,PRELIM,RECAP,RECAP,RECAP,PRELIM,RECAP,RECAP,RECAP,PRELIM,RECAP,RECAP,RECAP,PRELIM,RECAP,RECAP,RECAP,PRELIM,RECAP,RECAP,RECAP,PRELIM,RECAP,RECAP,RECAP,PRELIM,RECAP,RECAP,RECAP,PRELIM,RECAP,RECAP,RECAP,PRELIM,RECAP,RECAP,RECAP,PRELIM,RECAP,RECAP,RECAP,PRELIM,RECAP,RECAP,RECAP,PRELIM,RECAP,RECAP,RECAP,PRELIM,RECAP,RECAP,RECAP,PRELIM,PRELIM,RECAP,,RECAP,,RECAP,,PRELIM,RECAP,RECAP,RECAP,RECAP,RECAP,RECAP
Net revenues,18.224,16.792,17.739,16.223,15.383,15.019,15.136,12.896,13.273,13.457,14.517,12.749,12.986,13.132,14.801,14.524,14.753,14.759,15.719,13.597,11.721,13.660,9.779,10.857,10.032,10.244,10.286,8.548,9.872,10.610,11.077,9.500,9.197,9.503,9.745,9.021,8.909,8.909,7.792,7.738,7.767,9.743,9.907,7.764,8.907,8.608,8.996,7.845,7.956,8.515,8.150,6.963,5.280,6.942,6.924,5.675,9.810,9.207,7.574,7.743,6.780,7.963,9.072,6.836,8.468,5.197,2.897,-13.000,1.829,18.011,8.049,6.111,6.510,7.917,8.322,-432,7.958,10.524,9.994,7.064,8.704,8.552
Investment banking,2.266,1.644,1.711,1.791,1.590,1.735,1.589,1.415,1.048,1.155,1.330,1.318,1.373,1.150,1.758,2.581,3.013,2.560,2.840,2.435,1.826,2.142,1.271,1.696,1.635,1.590,1.242,1.488,1.567,1.793,1.634,1.548,1.380,1.530,1.545,1.377,1.225,1.224,1.107,1.310,1.313,1.614,1.357,1.456,1.551,1.633,1.308,1.559,1.160,1.303,1.224,1.439,1.152,1.104,1.063,1.051,1.031,1.695,1.214,1.761,1.221,1.080,1.060,1.673,1.208,1.266,873,643,788,1.025,1.146,1.288,1.049,971,1.109,1.569,1.659,1.913,1.227,1.138,1.132,982
Trading,5.020,4.745,5.111,3.778,4.002,4.131,4.852,3.305,3.679,3.802,4.477,3.017,3.331,3.597,3.983,2.394,2.861,3.330,4.225,3.229,3.150,4.803,2.801,2.314,2.608,2.732,3.441,1.736,2.752,3.293,3.770,2.246,2.704,2.931,3.235,2.789,2.609,2.746,2.065,1.465,2.026,2.973,3.650,1.451,2.448,2.516,2.962,1.512,2.259,2.894,2.694,1.512,607,2.469,2.402,969,4.960,3.484,2.977,854,1.441,3.353,3.758,1.173,3.399,1.732,1.355,-15.420,-2.324,13.185,2.604,2.094,1.403,2.793,3.390,-7.171,1.381,4.838,4.158,2.843,3.559,3.086
Investments,374,388,369,215,315,157,137,189,144,95,145,85,-168,23,75,632,45,381,318,327,346,275,38,739,87,441,273,28,136,147,126,325,167,163,165,-19,87,126,-34,133,-119,261,266,112,138,227,359,523,728,188,338,304,290,63,85,140,-298,402,329,688,820,-52,369,146,95,-125,-1.150,-2.676,-2.929,-733,-453,-308,-464,-516,-346,820,558,1.004,880,300,629,349
Commissions and fees,1.473,1.425,1.481,1.390,1.294,1.183,1.227,1.110,1.098,1.090,1.239,1.169,1.133,1.220,1.416,1.307,1.280,1.308,1.626,1.352,1.037,1.102,1.360,984,990,979,966,1.046,932,1.039,1.173,1.064,937,1.027,1.033,1.043,991,1.020,1.055,1.095,1.115,1.158,1.186,1.235,1.124,1.138,1.216,1.166,1.079,1.217,1.167,1.051,988,1.040,1.177,1.149,1.476,1.283,1.439,1.311,1.068,1.308,1.260,1.247,1.244,973,770,856,1.039,1.107,1.070,1.116,1.155,1.265,1.199,1.290,1.264,1.123,1.005,880,994,920
"Asset management, distribution and administration fees",6.441,5.953,5.963,6.059,5.747,5.424,5.269,5.041,5.031,4.817,4.728,4.803,4.744,4.912,5.119,5.395,5.201,4.973,4.398,3.926,3.664,3.265,3.417,3.451,3.363,3.220,3.049,3.266,3.251,3.189,3.192,3.102,3.026,2.902,2.767,2.754,2.686,2.637,2.620,2.611,2.732,2.742,2.681,2.684,2.716,2.621,2.549,2.499,2.389,2.404,2.346,2.332,2.257,2.268,2.152,2.004,2.149,2.174,2.083,2.068,1.940,1.974,1.963,1.974,1.886,1.158,866,990,1.223,1.379,1.423,1.473,1.464,1.473,1.550,1.743,1.701,1.596,1.479,1.312,1.321,1.268
Other,159,290,751,438,239,322,266,-61,296,488,252,38,63,-52,234,126,290,342,284,457,212,473,-464,240,131,253,301,-5,298,243,207,220,200,199,229,194,308,243,80,87,-62,297,171,223,373,206,294,304,231,305,199,152,141,158,104,92,347,237,-474,802,187,159,294,62,139,390,247,1.628,2.800,1.271,1.117,315,1.799,1.015,317,371,262,321,272,119,125,134
Total non-interest revenues,15.733,14.445,15.386,13.671,13.187,12.952,13.340,10.999,11.296,11.447,12.171,10.430,10.476,10.850,12.585,12.435,12.690,12.894,13.691,11.726,10.235,12.060,8.423,9.424,8.814,9.215,9.272,7.559,8.936,9.704,10.102,8.505,8.414,8.752,8.974,8.138,7.906,7.996,6.893,6.701,7.005,9.045,9.311,7.161,8.350,8.341,8.688,7.563,7.846,8.311,7.968,6.790,5.435,7.102,6.983,5.405,9.665,9.275,7.568,7.484,6.677,7.822,8.704,6.275,7.971,5.394,2.961,-13.979,597,17.234,6.907,5.978,6.406,7.001,7.219,-1.378,6.825,10.795,9.021,6.592,7.760,6.739
Interest income,15.456,14.905,13.748,13.491,14.185,13.529,12.930,12.830,12.126,10.913,9.980,9.232,6.101,3.612,2.650,2.411,2.351,2.212,2.437,2.245,2.056,2.358,3.503,3.952,4.350,4.506,4.290,4.111,3.627,3.294,2.860,2.586,2.340,2.106,1.965,1.868,1.734,1.667,1.747,1.514,1.451,1.386,1.484,1.436,1.384,1.250,1.343,1.336,1.261,1.268,1.388,1.471,1.379,1.323,1.542,1.685,1.753,1.961,1.859,1.951,1.851,1.747,1.736,1.754,1.851,1.648,2.245,5.155,6.851,9.626,9.792,9.196,10.117,12.712,13.965,16.107,14.405,15.400,14.171,12.021,10.111,10.544
"Merchant, cardmember and other fees, net",,,,,,,,,,,,,,,,,,,,,,,,,,,,,,,,,,,,,,,,,,,,,,,,,,,,,,,,,,,,,,,,,,,,,,,,,,,,,,,,,277,289
Servicing and securitization income,,,,,,,,,,,,,,,,,,,,,,,,,,,,,,,,,,,,,,,,,,,,,,,,,,,,,,,,,,,,,,,,,,,,,,,,,,,,,,,,,651,596
Interest expense,-12.965,-12.558,-11.395,-10.939,-11.989,-11.462,-11.134,-10.933,-10.149,-8.903,-7.634,-6.913,-3.591,-1.330,-434,-322,-288,-347,-409,-374,-570,-758,-2.147,-2.519,-3.132,-3.477,-3.276,-3.122,-2.691,-2.388,-1.885,-1.591,-1.557,-1.355,-1.194,-985,-731,-754,-848,-477,-689,-688,-888,-833,-827,-983,-1.035,-1.054,-1.151,-1.064,-1.206,-1.298,-1.534,-1.483,-1.601,-1.415,-1.608,-2.029,-1.853,-1.692,-1.748,-1.606,-1.368,-1.193,-1.354,-1.845,-2.309,-4.176,-5.619,-8.849,-8.650,-9.063,-10.013,-11.796,-12.862,-15.161,-13.272,-15.671,-13.198,-11.549,-9.965,-9.461
Provision for consumer loan losses,,,,,,,,,,,,,,,,,,,,,,,,,,,,,,,,,,,,,,,,,,,,,,,,,,,,,,,,,,,,,,,,,,,,,,,,,,,,,,,,,-130,-155
Net interest,2.491,2.347,2.353,2.552,2.196,2.067,1.796,1.897,1.977,2.010,2.346,2.319,2.510,2.282,2.216,2.089,2.063,1.865,2.028,1.871,1.486,1.600,1.356,1.433,1.218,1.029,1.014,989,936,906,975,995,783,751,771,883,1.003,913,899,1.037,762,698,596,603,557,267,308,282,110,204,182,173,-155,-160,-59,270,145,-68,6,259,103,141,368,561,497,-197,-64,979,1.232,777,1.142,133,104,916,1.103,946,1.133,-271,973,472,944,1.813
Provision for credit losses,0,-196,-135,-115,-79,-76,6,-3,-134,-161,-234,-87,-35,-101,-57,-5,-24,-73,98,-4,-111,-239,-407,,,,,,,,,,,,,,,,,,,,,,,,,,,,,,,,,,,,,,,,,,,,,,,,,,,,,,,,,,,
Total non-interest expenses,-12.196,-11.974,-12.060,-11.202,-11.083,-10.869,-10.747,-10.797,-9.994,-10.484,-10.523,-9.868,-9.563,-9.712,-10.156,-9.635,-9.855,-10.120,-10.473,-9.163,-8.123,-9.066,-7.226,-8.124,-7.322,-7.341,-7.331,-6.691,-7.021,-7.501,-7.657,-7.029,-6.715,-6.861,-6.937,-6.775,-6.528,-6.426,-6.054,-6.299,-6.293,-7.016,-7.052,-10.695,-6.687,-6.676,-6.626,-8.047,-6.591,-6.719,-6.567,-6.102,-6.763,-6.005,-6.722,-6.131,-6.125,-7.237,-6.673,-6.552,-5.979,-6.260,-6.557,-6.183,-6.975,-5.781,-3.527,-2.257,-5.179,-7.330,-6.101,-5.225,-5.064,-5.879,-6.108,-5.354,-5.693,-7.000,-6.538,-4.820,-5.841,-6.092
Compensation and benefits,-7.442,-7.190,-7.521,-6.289,-6.733,-6.460,-6.696,-5.951,-5.935,-6.262,-6.410,-5.615,-5.614,-5.550,-6.274,-5.487,-5.920,-6.423,-6.798,-5.450,-5.086,-6.035,-4.283,-5.228,-4.427,-4.531,-4.651,-3.787,-4.310,-4.621,-4.914,-4.279,-4.169,-4.252,-4.466,-4.083,-4.097,-4.015,-3.683,-3.650,-3.437,-4.405,-4.524,-5.104,-4.214,-4.200,-4.306,-3.993,-3.966,-4.103,-4.214,-3.631,-3.928,-3.631,-4.430,-3.792,-3.638,-4.622,-4.285,-4.030,-3.685,-3.886,-4.416,-3.760,-4.896,-3.803,-1.978,715,-1.580,-5.059,-3.695,-3.108,-2.960,-3.843,-4.071,-3.187,-3.596,-4.994,-4.775,-3.085,-3.802,-4.242
Total non-compensation expenses,-4.754,-4.784,-4.539,-4.913,-4.350,-4.409,-4.051,-4.846,-4.059,-4.222,-4.113,-4.253,-3.949,-4.162,-3.882,-4.148,-3.935,-3.697,-3.675,-3.713,-3.037,-3.031,-2.943,-2.896,-2.895,-2.810,-2.680,-2.904,-2.711,-2.880,-2.743,-2.750,-2.546,-2.609,-2.471,-2.692,-2.431,-2.411,-2.371,-2.649,-2.856,-2.611,-2.528,-5.591,-2.473,-2.476,-2.320,-4.054,-2.625,-2.616,-2.353,-2.471,-2.835,-2.374,-2.292,-2.339,-2.487,-2.615,-2.388,-2.522,-2.294,-2.374,-2.141,-2.423,-2.079,-1.978,-1.549,-2.972,-3.599,-2.271,-2.406,-2.117,-2.104,-2.036,-2.037,-2.167,-2.097,-2.006,-1.763,-1.735,-2.039,-1.850
"Brokerage, clearing and exchange fees",-1.141,-1.188,-1.222,-1.180,-1.044,-995,-921,-865,-855,-875,-881,-851,-847,-878,-882,-811,-825,-795,-910,-776,-697,-716,-740,-633,-637,-630,-593,-598,-559,-609,-627,-537,-522,-525,-509,-480,-491,-484,-465,-457,-485,-487,-463,-468,-437,-458,-443,-411,-416,-456,-428,-368,-359,-405,-403,-379,-443,-410,-401,-380,-332,-371,-348,-390,-285,-267,-248,-310,-389,-394,-378,-421,-448,-470,-444,-470,-459,-366,-361,-339,-340,-292
Information processing and communications,-1.119,-1.089,-1.050,-1.059,-1.042,-1.011,-976,-987,-947,-926,-915,-933,-874,-857,-829,-833,-788,-765,-733,-697,-616,-589,-563,-567,-557,-538,-532,-529,-513,-496,-478,-471,-459,-433,-428,-460,-456,-429,-442,-467,-447,-438,-415,-404,-396,-411,-424,-446,-404,-470,-448,-475,-493,-487,-459,-471,-456,-444,-440,-437,-412,-416,-395,-421,-356,-313,-282,-304,-322,-298,-302,-300,-312,-311,-305,-328,-302,-286,-277,-274,-364,-346
Professional services,-685,-711,-674,-798,-711,-753,-639,-822,-759,-767,-710,-853,-755,-757,-705,-829,-734,-746,-624,-679,-542,-535,-449,-555,-531,-537,-514,-605,-570,-580,-510,-547,-534,-561,-527,-578,-489,-547,-514,-638,-576,-598,-486,-611,-522,-531,-453,-548,-448,-458,-440,-558,-476,-477,-412,-487,-440,-467,-403,-533,-460,-496,-395,-531,-381,-384,-303,-496,-529,-401,-457,-487,-472,-369,-379,-676,-507,-510,-419,-459,-537,-433
Occupancy and equipment,-473,-459,-449,-527,-473,-464,-441,-528,-456,-471,-440,-443,-429,-430,-427,-479,-427,-414,-405,-456,-373,-365,-365,-375,-353,-353,-347,-358,-351,-346,-336,-339,-330,-333,-327,-311,-339,-329,-329,-348,-341,-351,-342,-364,-350,-358,-361,-370,-374,-374,-377,-394,-386,-378,-388,-381,-382,-395,-397,-377,-399,-401,-390,-416,-419,-373,-337,-434,-435,-316,-309,-325,-329,-292,-286,-312,-279,-279,-260,-233,-236,-230
Marketing and business development,-280,-297,-238,-279,-224,-245,-217,-224,-191,-236,-247,-295,-215,-220,-175,-205,-146,-146,-146,-161,-78,-63,-132,-200,-157,-162,-141,-220,-152,-179,-140,-190,-128,-155,-136,-169,-130,-154,-134,-194,-158,-179,-150,-186,-160,-165,-147,-190,-151,-163,-134,-162,-138,-155,-146,-160,-143,-151,-142,-159,-134,-153,-134,-153,-118,-120,-110,-180,-218,-166,-168,-196,-207,-197,-183,-271,-190,-199,-153,-147,-297,-238
Other,-1.056,-1.040,-906,-1.070,-856,-941,-857,-1.420,-851,-947,-920,-878,-829,-1.020,-864,-991,-1.015,-831,-857,-944,-731,-763,-694,-566,-660,-590,-553,-594,-566,-670,-652,-666,-573,-602,-544,-694,-526,-468,-487,-545,-849,-558,-672,-3.558,-608,-553,-492,-2.089,-832,-695,-526,-514,-983,-472,-484,-461,-623,-748,-605,-636,-557,-537,-479,-512,-520,-521,-269,-1.248,-1.706,-696,-792,-388,-336,-397,-440,-110,-360,-366,-293,-283,-265,-311
"September 11th related insurance recoveries, net",,,,,,,,,,,,,,,,,,,,,,,,,,,,,,,,,,,,,,,,,,,,,,,,,,,,,,,,,,,,,,,,,,,,,,,,,,,,,,,,,,
Income / loss from continuing operations before taxes,6.028,4.622,5.544,4.906,4.221,4.074,4.395,2.096,3.145,2.812,3.760,2.794,3.388,3.319,4.588,4.884,4.874,4.566,5.344,4.430,3.487,4.355,2.146,2.733,2.710,2.903,2.955,1.857,2.851,3.109,3.420,2.471,2.482,2.642,2.808,2.246,2.381,2.483,1.738,1.439,1.474,2.727,2.855,-2.931,2.220,1.932,2.370,-202,1.365,1.796,1.583,861,-1.483,937,202,-456,3.685,1.970,901,1.191,801,1.703,2.515,653,1.493,-584,-630,-15.257,-3.350,10.681,1.948,886,1.446,2.038,2.214,-5.786,2.265,3.524,3.456,2.244,2.863,2.460
Losses from unconsolidated investees,,,,,,,,,,,,,,,,,,,,,,,,,,,,,,,,,,,,,,,,,,,,,,,,,,,,,,,,,,,,,,,,,,,,,,,8,,19,,2,,-19,-20,-26,20,23,-69
Income tax provision / benefit from continuing operations,-1.373,-1.047,-1.173,-1.182,-995,-957,-933,-555,-710,-591,-727,-528,-726,-783,-873,-1.168,-1.150,-1.054,-1.176,-1.018,-736,-1.119,-366,-428,-492,-657,-487,-300,-696,-640,-714,-1.810,-697,-846,-815,-566,-749,-833,-578,-496,-423,-894,-387,1.353,-463,-15,-785,386,-363,-574,-333,-9,525,-224,-54,298,-1.415,-538,244,-90,23,-240,-436,-40,-521,319,595,4.731,1.155,-2.974,-531,-192,-439,-606,-665,2.198,-772,-1.141,-1.116,-676,-1.058,-789
Income / loss from continuing operations,4.655,3.575,4.371,3.724,3.226,3.117,3.462,1.541,2.435,2.221,3.033,2.266,2.662,2.536,3.715,3.716,3.724,3.512,4.168,3.412,2.751,3.236,1.780,2.305,2.218,2.246,2.468,1.557,2.155,2.469,2.706,661,1.785,1.796,1.993,1.680,1.632,1.650,1.160,943,1.051,1.833,2.468,-1.578,1.757,1.917,1.585,184,1.002,1.222,1.250,852,-958,713,148,-158,2.270,1.432,1.145,1.101,824,1.463,2.079,613,972,-265,-35,-10.526,-2.195,7.707,1.425,694,1.026,1.432,1.551,-3.588,1.474,2.363,2.314,1.588,1.828,1.602
"Gain / loss from discontinued operations, net of income taxes",,,,,,,,,,,,,,,,,,,,,,,,,,,,1,-1,-2,-2,2,6,-5,-22,0,8,-4,-3,-7,-2,-2,-5,-8,-5,0,-1,-11,16,-31,-19,-64,2,37,-14,-26,23,-26,-15,-35,-183,521,-68,157,-179,298,-155,-412,-100,464,0,465,0,,0,0,69,219,358,263,13,-28
Income / loss from discontinued operations before income taxes,,,,,,,,,,,,,,,,,,,,,,,,,,,,,,,,,,,,,,,,,,,-8,,-8,-1,-2,,14,-44,-30,,-11,52,28,,-5,-22,-28,,-148,866,-99,,-278,480,-255,,-100,756,0,761,0,,0,0,111,349,564,399,21,-48
Provision for / benefit from income taxes,,,,,,,,,,,,,,,,,,,,,,,,,,,,,,,,,,,,,,,,,,,3,,3,1,1,,2,13,11,,13,-15,-42,,28,-4,13,,-35,-345,31,,99,-182,100,,0,-292,0,-296,0,,0,0,-42,-130,-206,-136,-8,20
"Cumulative effect of accounting change, net",,,,,,,,,,,,,,,,,,,,,,,,,,,,,,,,,,,,,,,,,,,,,,,,,,,,,,,,,,,,,,,,,,,,,,,,,,,,,,,,,,
Net income / loss,4.655,3.575,4.371,3.724,3.226,3.117,3.462,1.541,2.435,2.221,3.033,2.266,2.662,2.536,3.715,3.716,3.724,3.512,4.168,3.412,2.751,3.236,1.780,2.305,2.218,2.246,2.468,1.558,2.154,2.467,2.704,663,1.791,1.791,1.971,1.680,1.640,1.646,1.157,936,1.049,1.831,2.463,-1.586,1.752,1.917,1.584,173,1.018,1.191,1.231,788,-956,750,134,-184,2.293,1.406,1.130,1.066,641,1.984,2.011,770,793,33,-190,-10.938,-2.295,8.171,1.425,1.159,1.026,1.432,1.551,-3.588,1.543,2.582,2.672,1.851,1.841,1.574
Net income / loss applicable to redeemable noncontrolling interests,,,,,,,,,,,,,,,,,,,,,,,,,,,,,,,,,,,,,,,,,,,,,,,,0,0,-100,-122,-116,-8,0,0,0,0,,,,,,,,,,,,,,,,,,,,,,,,,
Net income / loss applicable to nonredeemable noncontrolling interests,-45,-36,-56,-10,-38,-41,-50,-24,-27,-39,-53,-30,-30,-41,-49,-20,-17,-1,-48,-27,-34,-40,-82,-66,-45,-45,-39,-27,-42,-30,-36,-20,-10,-34,-41,-14,-43,-64,-23,-28,-31,-24,-69,-44,-59,-18,-79,-89,-112,-111,-147,-78,-59,-159,-228,-66,-94,-213,-162,-230,-510,-24,-235,-153,-36,116,13,-15,,-20,,-16,,-19,,,,,,,,
Net income / loss applicable to Morgan Stanley,4.610,3.539,4.315,3.714,3.188,3.076,3.412,1.517,2.408,2.182,2.980,2.236,2.632,2.495,3.666,3.696,3.707,3.511,4.120,3.385,2.717,3.196,1.698,2.239,2.173,2.201,2.429,1.531,2.112,2.437,2.668,643,1.781,1.757,1.930,1.666,1.597,1.582,1.134,908,1.018,1.807,2.394,-1.630,1.693,1.899,1.505,84,906,980,962,594,-1.023,591,-94,-250,2.199,1.193,968,836,131,1.960,1.776,617,757,149,-177,-10.953,,8.151,1.425,1.143,1.026,1.413,1.551,,1.543,2.582,2.672,1.851,1.841,1.574
Preferred stock dividends and other,-160,-147,-158,-150,-160,-134,-146,-134,-146,-133,-144,-123,-138,-104,-124,-104,-123,-103,-138,-119,-120,-149,-108,-154,-113,-170,-93,-170,-93,-170,-93,-170,-93,-170,-90,-157,-79,-157,-79,-155,-79,-142,-80,-119,-64,-79,-56,-48,-26,-177,-26,-26,-24,-27,-25,-25,-46,-1.751,-232,-236,-222,-382,-365,-241,-259,-1.405,-401,,,-467,-11,-81,-14,-102,-17,,-17,-17,-17,0,0,0
Preferred dividends - Series A preferred stock,,,,,,,,,,,,,,,,,,,,,,,,,,,,,,,,,,,,,,,,,,,,,,,,,,,,,-11,-11,-11,,-11,-11,-11,,-11,-11,-11,,-11,-11,-11,,,-11,,-11,,-14,,,,,,,,
Preferred dividends - Series B preferred stock,,,,,,,,,,,,,,,,,,,,,,,,,,,,,,,,,,,,,,,,,,,,,,,,,,,,,,,,,0,0,-196,,-196,-196,-196,,-196,-196,-196,,,0,,0,,0,,,,,,,,
MUFG stock conversion,,,,,,,,,,,,,,,,,,,,,,,,,,,,,,,,,,,,,,,,,,,,,,,,,,,,,,,,,0,-1.726,,,0,0,,,,,,,,,,,,,,,,,,,,
Preferred dividends - Series C preferred stock,,,,,,,,,,,,,,,,,,,,,,,,,,,,,,,,,,,,,,,,,,,,,,,,,,,,,-13,-13,-13,,-13,-13,-13,,-13,-13,-13,,-13,-13,-29,,,0,,0,,0,,,,,,,,
Partial redemption of Series C preferred stock,,,,,,,,,,,,,,,,,,,,,,,,,,,,,,,,,,,,,,,,,,,,,,,,,,,,,,,,,,,,,,,,,0,-202,,,,0,,0,,,,,,,,,,
Preferred dividends - Series D preferred stock,,,,,,,,,,,,,,,,,,,,,,,,,,,,,,,,,,,,,,,,,,,,,,,,,,,,,,,,,,,,,,,,,0,-87,-125,,,0,,0,,0,,,,,,,,
Amortization and acceleration of issuance discount for Series D preferred stock,,,,,,,,,,,,,,,,,,,,,,,,,,,,,,,,,,,,,,,,,,,,,,,,,,,,,,,,,,,,,,,,,0,-892,-40,,,0,,0,,0,,,,,,,,
Wealth management JV redemption value adjustment,,,,,,,,,,,,,,,,,,,,,,,,,,,,,,,,,,,,,,,,,,,,,,,,,,,,,0,0,,,,,,,,,,,,,,,,,,,,,,,,,,,,
Total allocation of income to CIC Equity Units,,,,,,,,,,,,,,,,,,,,,,,,,,,,,,,,,,,,,,,,,,,,,,,,,,,,,,,,,,,,,0,-108,-93,,-13,0,0,,,0,,,,,,,,,,,,
From continuing operations,,,,,,,,,,,,,,,,,,,,,,,,,,,,,,,,,,,,,,,,,,,,,,,,,,,,,,,,,,,,,0,-67,-99,,-27,0,0,,,,,,,,,,,,,,,
From discontinued operations,,,,,,,,,,,,,,,,,,,,,,,,,,,,,,,,,,,,,,,,,,,,,,,,,,,,,,,,,,,,,0,-41,6,,14,0,0,,,,,,,,,,,,,,,
Allocation of earnings / loss to participating RSU,,,,,,,,,,,,,,,,,,,,,,,,,,,,,,,,,,,,,,,,,,,,,,,,,,,,,0,-3,-1,,-22,-1,-12,,-2,-54,-52,,-26,-4,0,,,-456,,-70,,-88,,,,,,,,
From continuing operations,,,,,,,,,,,,,,,,,,,,,,,,,,,,,,,,,,,,,,,,,,,,,,,,,,,,,,,,,,,,,-3,-38,-54,,-34,-4,0,,,,,,,,,,,,,,,
From discontinued operations,,,,,,,,,,,,,,,,,,,,,,,,,,,,,,,,,,,,,,,,,,,,,,,,,,,,,,,,,,,,,1,-16,2,,8,0,0,,,,,,,,,,,,,,,
Earnings / loss applicable to Morgan Stanley common shareholders,4.450,3.392,4.157,3.564,3.028,2.942,3.266,1.383,2.262,2.049,2.836,2.113,2.494,2.391,3.542,3.592,3.584,3.408,3.982,3.266,2.597,3.047,1.590,2.085,2.060,2.031,2.336,1.361,2.019,2.267,2.575,473,1.688,1.587,1.840,1.509,1.518,1.425,1.055,753,939,1.665,2.314,-1.749,1.629,1.820,1.449,36,880,803,936,568,-1.047,564,-119,-275,2.153,-558,736,600,-91,1.578,1.411,376,498,-1.256,-578,-11.348,-2.365,7.684,1.414,1.062,1.012,1.311,1.534,-3.605,1.526,2.565,2.655,1.851,1.841,1.574
Per share,,,,,,,,,,,,,,,,,,,,,,,,,,,,,,,,,,,,,,,,,,,,,,,,,,,,,,,,,,,,,,,,,,,,,,,,,,,,,,,,,,
Basic,"2,8","2,2","2,6","2,3","1,9","1,9","2,0","0,9","1,4","1,3","1,7","1,3","1,5","1,4","2,0","2,1","2,0","1,9","2,2","1,8","1,7","2,0","1,0","1,3","1,3","1,2","1,4","0,8","1,2","1,3","1,5","0,3","1,0","0,9","1,0","0,8","0,8","0,8","0,6","0,4","0,5","0,9","1,2","-0,9","0,9","0,9","0,8","0,0","0,5","0,4","0,5","0,3","-0,6","0,3","-0,1","-0,2","1,2","-0,4","0,5","0,4","-0,1","1,2","1,1","0,3","0,4","-1,1","-0,6","-11,4",,"7,4","1,4","1,0","1,0","1,3","1,5",,"1,5","2,6","2,6","1,8","1,8","1,5"
Continuing operations,,,,,,,,,,,,,,,,,,,,,,,,,,,,,,,,,"1,0","0,9","1,0",,"0,8","0,8","0,6","0,4","0,5","0,9","1,2","-0,9","0,9","0,9","0,8","0,0","0,5","0,4","0,5","0,3","-0,6","0,3","-0,1","-0,1","1,2","-0,4","0,5","0,4","0,1","0,8","1,1","0,2","0,5","-1,4","-0,4","-10,9",,"7,0","1,4","0,6","1,0",,"1,5",,"1,5","2,4","2,3","1,6","1,8","1,6"
Discontinued operations,,,,,,,,,,,,,,,,,,,,,,,,,,,,,,,,,"0,0","0,0","-0,0",,"0,0","-0,0","0,0","0,0","0,0","0,0","-0,0","0,0","0,0","0,0","0,0","0,0","0,0","-0,0","-0,0","-0,0","0,0","0,0","-0,0","-0,0","0,0","-0,0","-0,0","-0,0","-0,1","0,4","-0,1","0,1","-0,1","0,3","-0,2","-0,4",,"0,4","0,0","0,4","0,0",,"0,0",,"70.000,0","0,2","0,4","0,3",,
"Cumulative effect of accounting change, net",,,,,,,,,,,,,,,,,,,,,,,,,,,,,,,,,,,,,,,,,,,,,,,,,,,,,,,,,,,,,,,,,,,,,,,,,,,,,,,,,,
Diluted,"2,8","2,1","2,6","2,2","1,9","1,8","2,0","0,9","1,4","1,2","1,7","1,3","1,5","1,4","2,0","2,0","2,0","1,9","2,2","1,8","1,7","2,0","1,0","1,3","1,3","1,2","1,4","0,8","1,2","1,3","1,5","0,3","0,9","0,9","1,0","0,8","0,8","0,8","0,6","0,4","0,5","0,9","1,2","-0,9","0,8","0,9","0,7","0,0","0,5","0,4","0,5","0,3","-0,6","0,3","-0,1","-0,2","1,2","-0,4","0,5","0,4","-0,1","1,1","1,0","0,3","0,4","-1,1","-0,6","-11,4",,"7,4","1,3","1,0","1,0","1,3","1,5",,"1,4","2,5","2,5","1,8","1,8","1,5"
Continuing operations,,,,,,,,,,,,,,,,,,,,,,,,,,,,,,,,,"0,9","0,9","1,0",,"0,8","0,8","0,6","0,4","0,5","0,9","1,2","-0,9","0,8","0,9","0,7","0,0","0,4","0,4","0,5","0,3","-0,6","0,3","-0,1","-0,1","1,1","-0,4","0,5","0,4","0,1","0,8","1,0","0,2","0,5","-1,4","-0,4","-10,9",,"7,0","1,3","0,6","1,0",,"1,5",,"1,4","2,2","2,2","1,5","1,7","1,5"
Discontinued operations,,,,,,,,,,,,,,,,,,,,,,,,,,,,,,,,,"0,0","0,0","-0,0",,"0,0","0,0","0,0","0,0","0,0","0,0","0,0","0,0","0,0","0,0","0,0","0,0","0,0","-0,0","-0,0","-0,0","0,0","0,0","-0,0","-0,0","0,0","-0,0","-0,0","-0,0","-0,1","0,3","-0,0","0,1","-0,1","0,3","-0,2","-0,4",,"0,4","0,0","0,4","0,0",,"0,0",,"60.000,0","0,2","0,3","0,3",,
"Cumulative effect of accounting change, net",,,,,,,,,,,,,,,,,,,,,,,,,,,,,,,,,,,,,,,,,,,,,,,,,,,,,,,,,,,,,,,,,,,,,,,,,,,,,,,,,,
Weighted average shares,,,,,,,,,,,,,,,,,,,,,,,,,,,,,,,,,,,,,,,,,,,,,,,,,,,,,,,,,,,,,,,,,,,,,,,,,,,,,,,,,,
Basic,"1.571,0","1.577,0","1.584,0","1.583,0","1.588,0","1.594,0","1.601,0","1.606,0","1.624,0","1.635,0","1.645,0","1.652,0","1.674,0","1.704,0","1.733,0","1.751,0","1.781,0","1.814,0","1.795,0","1.774,0","1.542,0","1.541,0","1.555,0","1.573,0","1.604,0","1.634,0","1.658,0","1.674,0","1.697,0","1.720,0","1.740,0","1.752,0","1.776,0","1.791,0","1.801,0",,"1.838,0","1.866,0","1.883,0","1.889,0","1.904,0","1.919,0","1.924,1","1.920,0","1.923,0","1.928,3","1.924,3","1.905,0","1.909,4","1.907,7","1.901,2","1.892,0","1.889,3","1.885,2","1.877,0","1.850,0","1.848,2","1.464,3","1.456,0","1.437,0","1.377,2","1.317,7","1.314,6","1.297,0","1.294,3","1.138,4","1.011,7","1.000,2",,"1.040,9","1.042,5","1.041,2","1.038,1","1.034,3","1.020,8",,"1.002,3","996,5","1.009,2","1.010,5","1.013,2","1.020,0"
Diluted,"1.590,0","1.593,0","1.600,0","1.608,0","1.609,0","1.611,0","1.616,0","1.627,0","1.643,0","1.651,0","1.663,0","1.679,0","1.697,0","1.723,0","1.755,0","1.785,0","1.812,0","1.841,0","1.818,0","1.802,0","1.566,0","1.557,0","1.573,0","1.602,0","1.627,0","1.655,0","1.677,0","1.705,0","1.727,0","1.748,0","1.771,0","1.796,0","1.818,0","1.830,0","1.842,0","1.853,0","1.879,0","1.899,0","1.915,0","1.939,0","1.949,0","1.960,0","1.963,0","1.920,0","1.970,9","1.969,7","1.969,7","1.970,0","1.964,8","1.951,4","1.940,3","1.937,0","1.889,3","1.911,7","1.877,0","1.850,0","1.868,7","1.464,3","1.472,3","1.448,0","1.443,1","1.748,2","1.626,2","1.297,0","1.300,1","1.138,4","1.011,7","1.000,2",,"1.041,7","1.072,0","1.044,7","1.067,2","1.039,0","1.057,9",,"1.057,5","1.045,6","1.057,9","1.055,7","1.054,7","1.061,8"
All figures in millions of U.S. Dollar except per share items.,,,,,,,,,,,,,,,,,,,,,,,,,,,,,,,,,,,,,,,,,,,,,,,,,,,,,,,,,,,,,,,,,,,,,,,,,,,,,,,,,,